CREATE DATABASE  IF NOT EXISTS `seatflow` /*!40100 DEFAULT CHARACTER SET utf8mb4 COLLATE utf8mb4_unicode_ci */ /*!80016 DEFAULT ENCRYPTION='N' */;
USE `seatflow`;
-- MySQL dump 10.13  Distrib 8.0.43, for macos15 (arm64)
--
-- Host: 127.0.0.1    Database: seatflow
-- ------------------------------------------------------
-- Server version	9.6.0

/*!40101 SET @OLD_CHARACTER_SET_CLIENT=@@CHARACTER_SET_CLIENT */;
/*!40101 SET @OLD_CHARACTER_SET_RESULTS=@@CHARACTER_SET_RESULTS */;
/*!40101 SET @OLD_COLLATION_CONNECTION=@@COLLATION_CONNECTION */;
/*!50503 SET NAMES utf8 */;
/*!40103 SET @OLD_TIME_ZONE=@@TIME_ZONE */;
/*!40103 SET TIME_ZONE='+00:00' */;
/*!40014 SET @OLD_UNIQUE_CHECKS=@@UNIQUE_CHECKS, UNIQUE_CHECKS=0 */;
/*!40014 SET @OLD_FOREIGN_KEY_CHECKS=@@FOREIGN_KEY_CHECKS, FOREIGN_KEY_CHECKS=0 */;
/*!40101 SET @OLD_SQL_MODE=@@SQL_MODE, SQL_MODE='NO_AUTO_VALUE_ON_ZERO' */;
/*!40111 SET @OLD_SQL_NOTES=@@SQL_NOTES, SQL_NOTES=0 */;
SET @MYSQLDUMP_TEMP_LOG_BIN = @@SESSION.SQL_LOG_BIN;
SET @@SESSION.SQL_LOG_BIN= 0;

--
-- GTID state at the beginning of the backup 
--

SET @@GLOBAL.GTID_PURGED=/*!80000 '+'*/ 'ff4e81f8-f6bc-11f0-a030-f157df581978:1-114';

--
-- Table structure for table `events`
--

DROP TABLE IF EXISTS `events`;
/*!40101 SET @saved_cs_client     = @@character_set_client */;
/*!50503 SET character_set_client = utf8mb4 */;
CREATE TABLE `events` (
  `id` bigint unsigned NOT NULL AUTO_INCREMENT,
  `venue_id` bigint unsigned NOT NULL,
  `name` varchar(255) NOT NULL,
  `event_date` datetime DEFAULT NULL,
  `status` enum('draft','preferences_open','locked','published') NOT NULL DEFAULT 'draft',
  `created_at` timestamp NOT NULL DEFAULT CURRENT_TIMESTAMP,
  PRIMARY KEY (`id`),
  KEY `idx_events_venue` (`venue_id`),
  KEY `idx_events_date` (`event_date`),
  CONSTRAINT `fk_events_venue` FOREIGN KEY (`venue_id`) REFERENCES `venues` (`id`) ON DELETE RESTRICT ON UPDATE CASCADE
) ENGINE=InnoDB AUTO_INCREMENT=4 DEFAULT CHARSET=utf8mb4 COLLATE=utf8mb4_0900_ai_ci;
/*!40101 SET character_set_client = @saved_cs_client */;

--
-- Dumping data for table `events`
--

LOCK TABLES `events` WRITE;
/*!40000 ALTER TABLE `events` DISABLE KEYS */;
INSERT INTO `events` VALUES (1,1,'Annual Conference 2026','2026-01-25 19:00:00','preferences_open','2026-01-24 16:00:27'),(2,4,'Theater Show','2026-02-19 00:00:00','preferences_open','2026-02-03 13:58:23'),(3,4,'Show','2026-03-06 00:00:00','draft','2026-02-04 18:00:12');
/*!40000 ALTER TABLE `events` ENABLE KEYS */;
UNLOCK TABLES;

--
-- Table structure for table `member_preferences`
--

DROP TABLE IF EXISTS `member_preferences`;
/*!40101 SET @saved_cs_client     = @@character_set_client */;
/*!50503 SET character_set_client = utf8mb4 */;
CREATE TABLE `member_preferences` (
  `id` bigint unsigned NOT NULL AUTO_INCREMENT,
  `event_id` bigint unsigned NOT NULL,
  `member_id` bigint unsigned NOT NULL,
  `group_code` varchar(100) DEFAULT NULL,
  `wants_aisle` tinyint(1) NOT NULL DEFAULT '0',
  `preferred_zone` varchar(100) DEFAULT NULL,
  `preferred_seat_code` varchar(50) DEFAULT NULL,
  `needs_accessible` tinyint(1) NOT NULL DEFAULT '0',
  `invite_token` char(36) NOT NULL,
  `submitted_at` datetime DEFAULT NULL,
  `created_at` timestamp NOT NULL DEFAULT CURRENT_TIMESTAMP,
  `updated_at` timestamp NOT NULL DEFAULT CURRENT_TIMESTAMP ON UPDATE CURRENT_TIMESTAMP,
  `assigned_seat_id` bigint unsigned DEFAULT NULL,
  PRIMARY KEY (`id`),
  UNIQUE KEY `uq_event_member` (`event_id`,`member_id`),
  UNIQUE KEY `uq_invite_token` (`invite_token`),
  UNIQUE KEY `uq_event_assigned_seat` (`event_id`,`assigned_seat_id`),
  KEY `idx_prefs_event` (`event_id`),
  KEY `idx_prefs_member` (`member_id`),
  KEY `fk_member_prefs_assigned_seat` (`assigned_seat_id`),
  CONSTRAINT `fk_member_prefs_assigned_seat` FOREIGN KEY (`assigned_seat_id`) REFERENCES `seats` (`id`) ON DELETE SET NULL ON UPDATE CASCADE,
  CONSTRAINT `fk_prefs_event` FOREIGN KEY (`event_id`) REFERENCES `events` (`id`) ON DELETE CASCADE ON UPDATE CASCADE,
  CONSTRAINT `fk_prefs_member` FOREIGN KEY (`member_id`) REFERENCES `members` (`id`) ON DELETE CASCADE ON UPDATE CASCADE
) ENGINE=InnoDB AUTO_INCREMENT=469 DEFAULT CHARSET=utf8mb4 COLLATE=utf8mb4_0900_ai_ci;
/*!40101 SET character_set_client = @saved_cs_client */;

--
-- Dumping data for table `member_preferences`
--

LOCK TABLES `member_preferences` WRITE;
/*!40000 ALTER TABLE `member_preferences` DISABLE KEYS */;
INSERT INTO `member_preferences` VALUES (1,1,1,'FAMILY1',1,NULL,'VIP-A-01',1,'11111111-1111-1111-1111-111111111111','2026-01-24 18:00:27','2026-01-24 16:00:27','2026-02-01 16:13:15',1),(2,1,2,'FAMILY1',0,NULL,'VIP-A-02',0,'22222222-2222-2222-2222-222222222222','2026-01-24 18:00:27','2026-01-24 16:00:27','2026-02-01 16:13:15',2),(3,1,3,NULL,0,NULL,'PREM-B-03',0,'33333333-3333-3333-3333-333333333333','2026-01-24 18:00:27','2026-01-24 16:00:27','2026-02-03 15:04:25',16),(4,1,4,'TEAMX',1,NULL,'GEN-C-01',0,'44444444-4444-4444-4444-444444444444','2026-01-24 18:00:27','2026-01-24 16:00:27','2026-02-01 16:13:15',17),(5,1,5,'TEAMX',0,NULL,'GEN-C-02',0,'55555555-5555-5555-5555-555555555555','2026-01-24 18:00:27','2026-01-24 16:00:27','2026-02-01 16:13:15',18),(6,1,6,NULL,0,NULL,NULL,0,'66666666-6666-6666-6666-666666666666',NULL,'2026-01-24 16:00:27','2026-02-01 16:13:15',3),(7,1,8,NULL,0,NULL,NULL,0,'35df2783-a09f-402c-bd0f-a35b75a53c1e',NULL,'2026-01-31 10:56:57','2026-02-01 16:13:15',4),(8,1,9,NULL,0,NULL,NULL,0,'e3f59b63-dc30-402c-a596-99b35c93690f',NULL,'2026-01-31 10:56:57','2026-02-01 16:13:15',5),(9,1,10,'G-64926c05',0,'General',NULL,0,'64926c05-b0bc-46e3-9adf-e80d40832146','2026-02-01 17:10:18','2026-01-31 10:56:57','2026-02-03 09:20:52',19),(11,1,14,'G-64926c05',0,NULL,NULL,0,'37a5bede-a8e6-42c0-acf4-8797ffeb0b81',NULL,'2026-02-02 16:10:46','2026-02-03 09:20:52',20),(12,1,15,'G-64926c05',0,NULL,NULL,0,'775a5300-1b95-4c44-917e-33ded52c5507',NULL,'2026-02-02 16:10:46','2026-02-03 09:20:52',21),(13,2,16,'G-13',0,'VIP',NULL,1,'fe1f96c5-1240-4fe6-a872-de36ec07f38f',NULL,'2026-02-04 16:05:28','2026-02-04 17:53:19',550),(14,2,17,'G-14',0,'VIP',NULL,1,'5f6a2573-f3b7-4f0f-8eeb-d93e728e0df4',NULL,'2026-02-04 16:05:28','2026-02-04 17:53:19',551),(15,2,18,'G-15',0,'VIP',NULL,1,'da5a66e3-5c7f-4dda-b327-fe371b502696',NULL,'2026-02-04 16:05:28','2026-02-04 17:53:19',552),(16,2,19,'G-16',0,'VIP',NULL,0,'dd428ae8-9697-440b-b1df-00cccd72c5de',NULL,'2026-02-04 16:05:28','2026-02-04 17:53:19',553),(17,2,20,'G-17',0,'VIP',NULL,0,'ca0be211-0ca0-450c-9b0e-e16f5ddaca4e',NULL,'2026-02-04 16:05:28','2026-02-04 17:53:19',554),(18,2,21,'G-18',0,'VIP',NULL,0,'535418c8-437e-42c5-9030-05f883675b6f',NULL,'2026-02-04 16:05:28','2026-02-04 17:53:19',555),(19,2,22,'G-19',0,'VIP',NULL,0,'8f01ee31-6965-42da-8137-5fe03527ac1c',NULL,'2026-02-04 16:05:28','2026-02-04 17:53:19',556),(20,2,23,'G-20',0,'VIP',NULL,0,'eedbaa66-1b22-423a-a883-0f96413a11a9',NULL,'2026-02-04 16:05:28','2026-02-04 17:53:19',557),(21,2,24,'G-21',0,'VIP',NULL,0,'d18a3e72-2897-44ea-b271-85168ca1a07b',NULL,'2026-02-04 16:05:28','2026-02-04 17:53:19',558),(22,2,25,'G-22',0,'VIP',NULL,0,'4b8c44c0-1f24-459b-bcbf-3e2ca9413c4c',NULL,'2026-02-04 16:05:28','2026-02-04 17:53:19',559),(23,2,26,'G-23',0,'VIP',NULL,0,'19165aa6-0ed1-4628-82ba-04aa03ee6971',NULL,'2026-02-04 16:05:28','2026-02-04 17:53:19',560),(24,2,27,'G-24',0,'VIP',NULL,0,'e2ed4f3e-4872-41f7-a3e0-be633331d63a',NULL,'2026-02-04 16:05:28','2026-02-04 17:53:19',561),(25,2,28,'G-25',0,'VIP',NULL,0,'2190a555-8e62-4af9-914e-d098e27af7e5',NULL,'2026-02-04 16:05:28','2026-02-04 17:53:19',562),(26,2,29,'G-26',0,'VIP',NULL,0,'43f673ea-f7c3-48c8-8521-eefa5b562200',NULL,'2026-02-04 16:05:28','2026-02-04 17:53:19',563),(27,2,30,'G-27',0,'VIP',NULL,0,'d3f035ba-2f7f-4956-a9c1-41207fba18e0',NULL,'2026-02-04 16:05:28','2026-02-04 17:53:19',564),(28,2,31,'G-28',0,'VIP',NULL,0,'852cecd3-5f63-40c5-885a-6c83b51ec12d',NULL,'2026-02-04 16:05:28','2026-02-04 17:53:19',565),(29,2,32,'G-29',0,'VIP',NULL,0,'65508115-6b0a-4041-bbfe-ea5d9091ca59',NULL,'2026-02-04 16:05:28','2026-02-04 17:53:19',566),(30,2,33,'G-30',0,'VIP',NULL,0,'a65cdaf2-4a35-4022-9a92-a2db3057613c',NULL,'2026-02-04 16:05:28','2026-02-04 17:53:19',567),(31,2,34,'G-31',0,'VIP',NULL,0,'95ab7df7-89d0-433c-ae3b-3997039062c9',NULL,'2026-02-04 16:05:28','2026-02-04 17:53:19',568),(32,2,35,'G-32',0,'VIP',NULL,0,'704c3968-f0bf-4501-a8fe-2fa08551bdd6',NULL,'2026-02-04 16:05:28','2026-02-04 17:53:19',569),(33,2,36,'G-33',0,'VIP',NULL,0,'e9dbbf56-50d5-4076-9d43-723b897f5113',NULL,'2026-02-04 16:05:28','2026-02-04 17:53:19',570),(34,2,37,'G-34',0,'VIP',NULL,0,'c095d205-08c5-46fb-af48-f9760e89238f',NULL,'2026-02-04 16:05:28','2026-02-04 17:53:19',571),(35,2,38,'G-35',0,'VIP',NULL,0,'a828fb33-7f1b-4c21-ac13-0dcae93b0049',NULL,'2026-02-04 16:05:28','2026-02-04 17:53:19',572),(36,2,39,'G-36',0,'VIP',NULL,0,'ffb82c16-8ead-4260-b53e-6d52891f858f',NULL,'2026-02-04 16:05:28','2026-02-04 17:53:19',573),(37,2,40,'G-37',0,'VIP',NULL,0,'1676eb29-ece5-4bc3-ab5a-75beebf69904',NULL,'2026-02-04 16:05:28','2026-02-04 17:53:19',574),(38,2,41,'G-38',0,'VIP',NULL,0,'eaef2692-47cd-482b-8b13-9f38d7f754bc',NULL,'2026-02-04 16:05:28','2026-02-04 17:53:19',575),(39,2,42,'G-39',0,'VIP',NULL,0,'4bdfd79a-c96b-49e7-9121-3971a6e834be',NULL,'2026-02-04 16:05:28','2026-02-04 17:53:19',576),(40,2,43,'G-40',0,'VIP',NULL,0,'ca73fca3-ec34-4f41-9bed-d6854d1c27e1',NULL,'2026-02-04 16:05:28','2026-02-04 17:53:19',577),(41,2,44,'G-41',0,'VIP',NULL,0,'10610b14-a18a-4a9e-9c2d-f5c1af45c8da',NULL,'2026-02-04 16:05:28','2026-02-04 17:53:19',578),(42,2,45,'G-42',0,'VIP',NULL,0,'ad36a175-bc27-4d65-96da-dbdb211ba5fa',NULL,'2026-02-04 16:05:28','2026-02-04 17:53:19',579),(43,2,46,'G-43',0,'VIP',NULL,0,'367bd134-5d4c-47ac-a7ff-40ae63328613',NULL,'2026-02-04 16:05:28','2026-02-04 17:53:19',580),(44,2,47,'G-44',0,'VIP',NULL,0,'9c4878e1-ffc1-49f8-a7da-b33c01b7a23b',NULL,'2026-02-04 16:05:28','2026-02-04 17:53:19',581),(45,2,48,'G-45',0,'VIP',NULL,0,'869a4ddc-d117-4221-a7f2-02b515ec0ef5',NULL,'2026-02-04 16:05:28','2026-02-04 17:53:19',582),(46,2,49,'G-46',0,'VIP',NULL,0,'dc89eea3-df44-4e32-8e87-7b7568ae3d69',NULL,'2026-02-04 16:05:28','2026-02-04 17:53:19',583),(47,2,50,'G-47',0,'VIP',NULL,0,'71c5dd72-0100-40a9-b63c-f9beaaa8d2ba',NULL,'2026-02-04 16:05:28','2026-02-04 17:53:19',584),(48,2,51,'G-48',0,'VIP',NULL,0,'08852541-61cc-4e5c-ac95-355667a6f111',NULL,'2026-02-04 16:05:28','2026-02-04 17:53:19',585),(49,2,52,'G-49',0,'VIP',NULL,0,'d280d041-0855-4be6-88b5-6ffe0569f563',NULL,'2026-02-04 16:05:28','2026-02-04 17:53:19',586),(50,2,53,'G-50',0,'VIP',NULL,0,'5a8d26d9-4d81-4fe4-9704-0461f694ecbe',NULL,'2026-02-04 16:05:28','2026-02-04 17:53:19',587),(51,2,54,'G-51',0,'VIP',NULL,0,'7df78c45-e1ac-400f-9a6d-b5cd61ab37ba',NULL,'2026-02-04 16:05:28','2026-02-04 17:53:19',588),(52,2,55,'G-52',0,'VIP',NULL,0,'64f69f1b-ffe0-40c6-b367-7269bd4adbc3',NULL,'2026-02-04 16:05:28','2026-02-04 17:53:19',589),(53,2,56,'G-53',0,'VIP',NULL,0,'afa025fc-1722-46e9-aa84-ae019f9a6332',NULL,'2026-02-04 16:05:28','2026-02-04 17:53:19',590),(54,2,57,'G-54',0,'VIP',NULL,0,'291f1f79-bc4f-4381-a6fc-8cbad3b526c4',NULL,'2026-02-04 16:05:28','2026-02-04 17:53:19',591),(55,2,58,'G-55',0,'VIP',NULL,0,'7b106598-71ea-424f-b806-40181710b18c',NULL,'2026-02-04 16:05:28','2026-02-04 17:53:19',592),(56,2,59,'G-56',0,'VIP',NULL,0,'7a17bfab-e3ef-4df8-805c-79689fa7e3ed',NULL,'2026-02-04 16:05:28','2026-02-04 17:53:19',593),(57,2,60,'G-57',0,'VIP',NULL,0,'06a2c0e1-87c5-4736-a404-e78e99b974c0',NULL,'2026-02-04 16:05:28','2026-02-04 17:53:19',594),(58,2,61,'G-58',0,'VIP',NULL,0,'9581bf96-5b68-449b-986e-676af25c51ab',NULL,'2026-02-04 16:05:28','2026-02-04 17:53:19',595),(59,2,62,'G-59',0,'VIP',NULL,0,'522a6f07-3954-4333-98fe-48dc81ed7ea8',NULL,'2026-02-04 16:05:28','2026-02-04 17:53:19',596),(60,2,63,'G-60',0,'VIP',NULL,0,'c2faf612-53df-4fba-806f-b60a6701b531',NULL,'2026-02-04 16:05:28','2026-02-04 17:53:19',597),(61,2,64,'G-61',0,'VIP',NULL,0,'9a43d91c-ca76-40a1-bd45-072de65017de',NULL,'2026-02-04 16:05:28','2026-02-04 17:53:19',598),(62,2,65,'G-62',0,'VIP',NULL,0,'cf2738d3-3350-4f92-bbaf-670d23b3f824',NULL,'2026-02-04 16:05:28','2026-02-04 17:53:19',599),(63,2,66,'G-63',0,'VIP',NULL,0,'b5b82730-935b-4e29-a49d-45f69da901b8',NULL,'2026-02-04 16:05:28','2026-02-04 17:53:19',603),(64,2,67,'G-64',0,'VIP',NULL,0,'e162d2af-c8c6-4447-8306-126872aa2111',NULL,'2026-02-04 16:05:28','2026-02-04 17:53:19',605),(65,2,68,'G-65',0,'VIP',NULL,0,'3f2da81b-678d-448e-9b1e-6b643fdc94e3',NULL,'2026-02-04 16:05:28','2026-02-04 17:53:19',604),(66,2,69,'G-66',0,'VIP',NULL,0,'ded77fe6-6c35-4c66-9c07-9bfe7f5fff2d',NULL,'2026-02-04 16:05:28','2026-02-04 17:53:19',606),(67,2,70,'G-67',0,'VIP',NULL,0,'0ea927ee-4379-44d5-bb9d-f8084c1766a8',NULL,'2026-02-04 16:05:28','2026-02-04 17:53:19',610),(68,2,71,'G-68',0,'General',NULL,1,'d369b3e6-658f-446d-b0df-871867546234',NULL,'2026-02-04 16:05:28','2026-02-04 17:53:19',607),(69,2,72,'G-69',0,'General',NULL,1,'bce12da2-db90-4a06-aaed-9972d120a893',NULL,'2026-02-04 16:05:28','2026-02-04 17:53:19',608),(70,2,73,'G-70',0,'General',NULL,1,'1ec3ef74-a0ab-4659-ae91-ba74134f464c',NULL,'2026-02-04 16:05:28','2026-02-04 17:53:19',609),(71,2,74,'G-71',0,'General',NULL,1,'2bd0faf9-f6e9-4095-94c8-b6411c4c4ea5',NULL,'2026-02-04 16:05:28','2026-02-04 17:53:19',600),(72,2,75,'G-72',0,'General',NULL,1,'8b715f6c-51a0-4cd1-89dd-09ef60d5b62c',NULL,'2026-02-04 16:05:28','2026-02-04 17:53:19',601),(73,2,76,'G-73',0,'General',NULL,1,'dcf05a5e-d6e2-4d07-afd5-efc42c51a738',NULL,'2026-02-04 16:05:28','2026-02-04 17:53:19',602),(74,2,77,'G-74',0,'General',NULL,1,'bb7133ed-90cc-4f04-acea-8ccc89aee995',NULL,'2026-02-04 16:05:29','2026-02-04 17:53:06',NULL),(75,2,78,'G-75',0,'General',NULL,1,'b3d51716-fb1f-4ef5-84b9-a435a6d4dab7',NULL,'2026-02-04 16:05:29','2026-02-04 16:44:00',NULL),(76,2,79,'G-76',0,'General',NULL,0,'284f155f-5980-4c3f-b91a-9b3e3cf045cc',NULL,'2026-02-04 16:05:29','2026-02-04 17:53:19',611),(77,2,80,'G-77',0,'General',NULL,0,'712a4fc7-d199-474d-b309-e65ad9d3b1d7',NULL,'2026-02-04 16:05:29','2026-02-04 17:53:19',612),(78,2,81,'G-78',0,'General',NULL,0,'43d9ac1c-4b74-44f7-a26e-44abb2f26819',NULL,'2026-02-04 16:05:29','2026-02-04 17:53:19',613),(79,2,82,'G-79',0,'General',NULL,0,'adab6d71-414b-4eff-af9c-45df6dc7f737',NULL,'2026-02-04 16:05:29','2026-02-04 17:53:19',614),(80,2,83,'G-80',0,'General',NULL,0,'0bcadab6-db7d-4394-b56d-7ad96a31f5e9',NULL,'2026-02-04 16:05:29','2026-02-04 17:53:19',615),(81,2,84,'G-81',0,'General',NULL,0,'766b5eca-8c7e-47be-bcf7-22f6b8df4f85',NULL,'2026-02-04 16:05:29','2026-02-04 17:53:19',616),(82,2,85,'G-82',0,'General',NULL,0,'59b385c6-4d53-4937-85c8-d636b8e583ad',NULL,'2026-02-04 16:05:29','2026-02-04 17:53:19',617),(83,2,86,'G-83',0,'General',NULL,0,'eeabd48d-bab5-4dc8-ab8d-4e0dc810ed7f',NULL,'2026-02-04 16:05:29','2026-02-04 17:53:19',618),(84,2,87,'G-84',0,'General',NULL,0,'8041270c-249b-4693-9aa7-911d492a08a7',NULL,'2026-02-04 16:05:29','2026-02-04 17:53:19',619),(85,2,88,'G-85',0,'General',NULL,0,'fae6c222-32d0-46aa-9b46-8619eaabd16b',NULL,'2026-02-04 16:05:29','2026-02-04 17:53:19',620),(86,2,89,'G-86',0,'General',NULL,0,'258b7bd7-19aa-4bee-970d-1d7db97dd4dc',NULL,'2026-02-04 16:05:29','2026-02-04 17:53:19',621),(87,2,90,'G-87',0,'General',NULL,0,'6d2acb19-4b45-4dba-a687-297d0a96246f',NULL,'2026-02-04 16:05:29','2026-02-04 17:53:19',622),(88,2,91,'G-88',0,'General',NULL,0,'78491fac-8a12-4456-b274-8fc618144a58',NULL,'2026-02-04 16:05:29','2026-02-04 17:53:19',623),(89,2,92,'G-89',0,'General',NULL,0,'b2024b0b-ff88-4b9d-9907-abbabc19e1f5',NULL,'2026-02-04 16:05:29','2026-02-04 17:53:19',624),(90,2,93,'G-90',0,'General',NULL,0,'5b205d54-54cf-4f1c-8858-0a53ffec70a5',NULL,'2026-02-04 16:05:29','2026-02-04 17:53:19',625),(91,2,94,'G-91',0,'General',NULL,0,'03122f66-9817-456f-afab-399c18886014',NULL,'2026-02-04 16:05:29','2026-02-04 17:53:19',626),(92,2,95,'G-92',0,'General',NULL,0,'e22b59a2-99e5-405c-bf80-3f97ec9fa595',NULL,'2026-02-04 16:05:29','2026-02-04 17:53:19',627),(93,2,96,'G-93',0,'General',NULL,0,'5412ddb7-8bfb-466b-b426-4c3391ae38bb',NULL,'2026-02-04 16:05:29','2026-02-04 17:53:19',628),(94,2,97,'G-94',0,'General',NULL,0,'550fae10-9df6-4174-b29b-d83223a5bdc7',NULL,'2026-02-04 16:05:29','2026-02-04 17:53:19',629),(95,2,98,'G-95',0,'General',NULL,0,'d547ef65-de07-45f7-a014-69f6d0cc25fa',NULL,'2026-02-04 16:05:29','2026-02-04 17:53:19',630),(96,2,99,'G-96',0,'General',NULL,0,'dbcc34c2-1b72-410e-bd94-440b86317d1a',NULL,'2026-02-04 16:05:29','2026-02-04 17:53:19',631),(97,2,100,'G-97',0,'General',NULL,0,'7e504851-f198-4ab5-b628-17322c3512f1',NULL,'2026-02-04 16:05:29','2026-02-04 17:53:19',632),(98,2,101,'G-98',0,'General',NULL,0,'4c2af977-cd13-4bb5-b6b2-5f70e97f6fdf',NULL,'2026-02-04 16:05:29','2026-02-04 17:53:19',633),(99,2,102,'G-99',0,'General',NULL,0,'c33378f9-cea2-4831-921b-b7969be8779e',NULL,'2026-02-04 16:05:29','2026-02-04 17:53:19',634),(100,2,103,'G-100',0,'General',NULL,0,'b83b84fe-3438-4e60-852e-70dd3d4a783e',NULL,'2026-02-04 16:05:29','2026-02-04 17:53:19',635),(101,2,104,'G-101',0,'General',NULL,0,'2f1b452f-4225-44ed-9ee1-fea8b7d16d00',NULL,'2026-02-04 16:05:29','2026-02-04 17:53:19',636),(102,2,105,'G-102',0,'General',NULL,0,'da93d900-79dc-491f-9f34-5c40d0ac5cdd',NULL,'2026-02-04 16:05:29','2026-02-04 17:53:19',637),(103,2,106,'G-103',0,'General',NULL,0,'d4fe4555-a283-4b70-9ab0-1bd541a2ce2c',NULL,'2026-02-04 16:05:29','2026-02-04 17:53:19',638),(104,2,107,'G-104',0,'General',NULL,0,'44e21736-b1b6-4dba-be96-114d8eee2f2b',NULL,'2026-02-04 16:05:29','2026-02-04 17:53:19',639),(105,2,108,'G-105',0,'General',NULL,0,'7a893d33-3ce8-4856-b725-ffea6888a764',NULL,'2026-02-04 16:05:29','2026-02-04 17:53:19',640),(106,2,109,'G-106',0,'General',NULL,0,'af1688db-abaa-4bea-947c-38103b7239b6',NULL,'2026-02-04 16:05:29','2026-02-04 17:53:19',641),(107,2,110,'G-107',0,'General',NULL,0,'8d4ac34e-ec0c-4ce7-9ceb-d8a15d537ff0',NULL,'2026-02-04 16:05:29','2026-02-04 17:53:19',642),(108,2,111,'G-108',0,'General',NULL,0,'f6e18318-4309-42a1-93cc-37364374f9ae',NULL,'2026-02-04 16:05:29','2026-02-04 17:53:19',643),(109,2,112,'G-109',0,'General',NULL,0,'3b52b445-b0a7-4982-8352-8d59c86a586d',NULL,'2026-02-04 16:05:29','2026-02-04 17:53:19',644),(110,2,113,'G-110',0,'General',NULL,0,'4b0e02f7-9289-4926-beaa-7d5c8a83f119',NULL,'2026-02-04 16:05:29','2026-02-04 17:53:19',645),(111,2,114,'G-111',0,'General',NULL,0,'490c1eff-6690-4de7-813c-45e12b767c6c',NULL,'2026-02-04 16:05:29','2026-02-04 17:53:19',646),(112,2,115,'G-112',0,'General',NULL,0,'5f769666-bdde-41d0-8ccb-69f6f1f90d9c',NULL,'2026-02-04 16:05:29','2026-02-04 17:53:19',647),(113,2,116,'G-113',0,'General',NULL,0,'d983afd5-c6db-4d10-88bc-bd93c04beb81',NULL,'2026-02-04 16:05:29','2026-02-04 17:53:19',648),(114,2,117,'G-114',0,'General',NULL,0,'6d79e755-465e-4618-8fc2-999156577acc',NULL,'2026-02-04 16:05:29','2026-02-04 17:53:19',649),(115,2,118,'G-115',0,'General',NULL,0,'63a8faa5-57c9-485f-8746-bdd9966254e9',NULL,'2026-02-04 16:05:29','2026-02-04 17:53:19',650),(116,2,119,'G-116',0,'General',NULL,0,'4faa1cdb-378f-452a-9b7c-0bf4e61e8799',NULL,'2026-02-04 16:05:29','2026-02-04 17:53:19',651),(117,2,120,'G-117',0,'General',NULL,0,'4db05c09-7c62-4c9b-9d50-031fb9d9fd07',NULL,'2026-02-04 16:05:29','2026-02-04 17:53:19',652),(118,2,121,'G-118',0,'General',NULL,0,'9346ea72-8429-481d-92a4-296ae79d6e9e',NULL,'2026-02-04 16:05:29','2026-02-04 17:53:19',653),(119,2,122,'G-119',0,'General',NULL,0,'563cea3f-b27f-48b4-a518-9388429e9334',NULL,'2026-02-04 16:05:29','2026-02-04 17:53:19',654),(120,2,123,'G-120',0,'General',NULL,0,'72199810-6d33-48c0-9351-ddf80f84758b',NULL,'2026-02-04 16:05:29','2026-02-04 17:53:19',655),(121,2,124,'G-121',0,'General',NULL,0,'e9cafe51-33a6-4c22-970c-38ff1c723de6',NULL,'2026-02-04 16:05:29','2026-02-04 17:53:19',656),(122,2,125,'G-122',0,'General',NULL,0,'4dd65ddf-4783-449b-9a92-9dab87810bcd',NULL,'2026-02-04 16:05:29','2026-02-04 17:53:19',657),(123,2,126,'G-123',0,'General',NULL,0,'2a1cd83e-2da0-4ef9-b329-70d78ce973af',NULL,'2026-02-04 16:05:29','2026-02-04 17:53:19',658),(124,2,127,'G-124',0,'General',NULL,0,'a4d771ed-25c7-4548-83bf-962fd1daa357',NULL,'2026-02-04 16:05:29','2026-02-04 17:53:19',659),(125,2,128,'G-125',0,'General',NULL,0,'64c0d1e0-3bcd-45e8-a731-8318a8a84ad4',NULL,'2026-02-04 16:05:29','2026-02-04 17:53:19',660),(126,2,129,'G-126',0,'General',NULL,0,'e9975cd1-dd4d-4fd6-9a6d-3d8e8b384bb3',NULL,'2026-02-04 16:05:29','2026-02-04 17:53:19',661),(127,2,130,'G-127',0,'General',NULL,0,'04f8b370-f231-4e15-82aa-a983053606e1',NULL,'2026-02-04 16:05:29','2026-02-04 17:53:19',662),(128,2,131,'G-128',0,'General',NULL,0,'53065846-79c4-4864-aa1d-3e0c9bd1d94c',NULL,'2026-02-04 16:05:29','2026-02-04 17:53:19',663),(129,2,132,'G-129',0,'General',NULL,0,'d7ac559a-3812-469e-bb09-120fa4fb4c6e',NULL,'2026-02-04 16:05:29','2026-02-04 17:53:19',664),(130,2,133,'G-130',0,'General',NULL,0,'a5aa8345-ee6c-47a4-8027-61a9542ccdfa',NULL,'2026-02-04 16:05:29','2026-02-04 17:53:19',665),(131,2,134,'G-131',0,'General',NULL,0,'a4636d58-6428-42da-8ad2-1eb546821a61',NULL,'2026-02-04 16:05:29','2026-02-04 17:53:19',666),(132,2,135,'G-132',0,'General',NULL,0,'9f384ba8-e87b-4b75-9261-90a9b2ab9601',NULL,'2026-02-04 16:05:29','2026-02-04 17:53:19',667),(133,2,136,'G-133',0,'General',NULL,0,'01ed7fa2-aeb3-4410-a47e-551930058c71',NULL,'2026-02-04 16:05:29','2026-02-04 17:53:19',668),(134,2,137,'G-134',0,'General',NULL,0,'2fa9f26e-8aaa-4937-a6fb-0e9330416ae6',NULL,'2026-02-04 16:05:29','2026-02-04 17:53:19',669),(135,2,138,'G-135',0,'General',NULL,0,'2626515c-1fdd-4235-a71a-5e6b647bec8b',NULL,'2026-02-04 16:05:29','2026-02-04 17:53:19',670),(136,2,139,'G-136',0,'General',NULL,0,'dceec613-b7a8-4226-9dcb-a5fe96714f8a',NULL,'2026-02-04 16:05:29','2026-02-04 17:53:19',671),(137,2,140,'G-137',0,'General',NULL,0,'2c97044f-e5b2-4322-9ff8-4f619e78fd8d',NULL,'2026-02-04 16:05:29','2026-02-04 17:53:19',672),(138,2,141,'G-138',0,'General',NULL,0,'8ce9e707-4701-4a40-a09e-515dfd53ddad',NULL,'2026-02-04 16:05:29','2026-02-04 17:53:19',673),(139,2,142,'G-139',0,'General',NULL,0,'3eb8e138-a126-44c1-a478-4306234aa461',NULL,'2026-02-04 16:05:29','2026-02-04 17:53:19',674),(140,2,143,'G-140',0,'General',NULL,0,'08eb8e33-e6b2-414c-a797-0fb2677d8873',NULL,'2026-02-04 16:05:29','2026-02-04 17:53:19',675),(141,2,144,'G-141',0,'General',NULL,0,'adf7a444-9227-4126-b5d6-2d212a0b7aaf',NULL,'2026-02-04 16:05:29','2026-02-04 17:53:19',676),(142,2,145,'G-142',0,'General',NULL,0,'0eb0ca9d-0e19-444a-bfc9-bb9e7c654684',NULL,'2026-02-04 16:05:29','2026-02-04 17:53:19',677),(143,2,146,'G-143',0,'General',NULL,0,'532c5d80-ea9f-455e-b0c5-2a1547f77528',NULL,'2026-02-04 16:05:29','2026-02-04 17:53:19',678),(144,2,147,'G-144',0,'General',NULL,0,'25d9d4b4-ae1a-4937-9adb-57238814987a',NULL,'2026-02-04 16:05:29','2026-02-04 17:53:19',679),(145,2,148,'G-145',0,'General',NULL,0,'3c2bb506-7a8b-44fd-9da5-7fa4ca2edbd9',NULL,'2026-02-04 16:05:29','2026-02-04 17:53:19',680),(146,2,149,'G-146',0,'General',NULL,0,'8ce9389e-8e64-4561-aa41-95a9f0223a27',NULL,'2026-02-04 16:05:29','2026-02-04 17:53:19',681),(147,2,150,'G-147',0,'General',NULL,0,'4f1027a7-5df2-48df-9310-46a66fdcde94',NULL,'2026-02-04 16:05:29','2026-02-04 17:53:19',682),(148,2,151,'G-148',0,'General',NULL,0,'2f43cbad-7dd6-4be9-ba8b-3df186412e7c',NULL,'2026-02-04 16:05:29','2026-02-04 17:53:19',683),(149,2,152,'G-149',0,'General',NULL,0,'1b356878-eeb0-48df-8be0-be41770db054',NULL,'2026-02-04 16:05:29','2026-02-04 17:53:19',684),(150,2,153,'G-150',0,'General',NULL,0,'2f422afa-82a9-44db-abbb-2214ab6e0f29',NULL,'2026-02-04 16:05:29','2026-02-04 17:53:19',685),(151,2,154,'G-151',0,'General',NULL,0,'5b924b3d-6378-42d3-a040-c229f9e0fd13',NULL,'2026-02-04 16:05:29','2026-02-04 17:53:19',686),(152,2,155,'G-152',0,'General',NULL,0,'721a3fd1-cace-4eab-95b4-362064519afc',NULL,'2026-02-04 16:05:29','2026-02-04 17:53:19',687),(153,2,156,'G-153',0,'General',NULL,0,'8e99b5c9-344a-4a6a-a5f7-419b0d865f06',NULL,'2026-02-04 16:05:29','2026-02-04 17:53:19',688),(154,2,157,'G-154',0,'General',NULL,0,'cb66d286-d799-4b48-8903-834a0547fdfb',NULL,'2026-02-04 16:05:29','2026-02-04 17:53:19',689),(155,2,158,'G-155',0,'General',NULL,0,'d954575a-7a3c-4b80-8ab0-6abd5ab8646e',NULL,'2026-02-04 16:05:29','2026-02-04 17:53:19',690),(156,2,159,'G-156',0,'General',NULL,0,'92889b94-69b9-4924-911b-07efe1fc7b00',NULL,'2026-02-04 16:05:29','2026-02-04 17:53:19',691),(157,2,160,'G-157',0,'General',NULL,0,'17d7f256-fe1a-48f9-8b25-0621a088f8d8',NULL,'2026-02-04 16:05:29','2026-02-04 17:53:19',692),(158,2,161,'G-158',0,'General',NULL,0,'dae8d248-7535-43e0-8e6c-db35ed25106d',NULL,'2026-02-04 16:05:29','2026-02-04 17:53:19',693),(159,2,162,'G-159',0,'General',NULL,0,'0ac61adf-7ed9-4a3e-bb0b-01430f2641ea',NULL,'2026-02-04 16:05:29','2026-02-04 17:53:19',694),(160,2,163,'G-160',0,'General',NULL,0,'9ebaadc8-b66f-4fac-b973-f30552132851',NULL,'2026-02-04 16:05:29','2026-02-04 17:53:19',695),(161,2,164,'G-161',0,'General',NULL,0,'87791d79-def4-4d40-bc5b-fcc95a18e868',NULL,'2026-02-04 16:05:29','2026-02-04 17:53:19',696),(162,2,165,'G-162',0,'General',NULL,0,'1aa5764f-33d1-49ed-9814-fb84e10bdabc',NULL,'2026-02-04 16:05:29','2026-02-04 17:53:19',697),(163,2,166,'G-163',0,'General',NULL,0,'3d86e1dd-5871-4383-af08-83088685b5ca',NULL,'2026-02-04 16:05:29','2026-02-04 17:53:19',698),(164,2,167,'G-164',0,'General',NULL,0,'df35d53b-04c6-4a61-a92c-63162dad6fb1',NULL,'2026-02-04 16:05:29','2026-02-04 17:53:19',699),(165,2,168,'G-165',0,'General',NULL,0,'af719550-b072-4164-b9cd-af56c25755ca',NULL,'2026-02-04 16:05:29','2026-02-04 17:53:19',700),(166,2,169,'G-166',0,'General',NULL,0,'d86d4ced-70f8-4c63-9567-69b08f89a15e',NULL,'2026-02-04 16:05:29','2026-02-04 17:53:19',701),(167,2,170,'G-167',0,'General',NULL,0,'dc995f5e-0faf-4d9b-a5df-6f075996bf8f',NULL,'2026-02-04 16:05:29','2026-02-04 17:53:19',702),(168,2,171,'G-168',0,'General',NULL,0,'2aa46bb4-8285-4e01-a5b5-df07b770e649',NULL,'2026-02-04 16:05:29','2026-02-04 17:53:19',703),(169,2,172,'G-169',0,'General',NULL,0,'5fb88934-3597-4f73-855d-61b8e1277808',NULL,'2026-02-04 16:05:29','2026-02-04 17:53:19',704),(170,2,173,'G-170',0,'General',NULL,0,'35653123-3efc-4f41-95e5-2a771a6c4f7a',NULL,'2026-02-04 16:05:29','2026-02-04 17:53:19',705),(171,2,174,'G-171',0,'General',NULL,0,'1dae6563-0c19-4a36-b565-3e407cae6f9a',NULL,'2026-02-04 16:05:29','2026-02-04 17:53:19',706),(172,2,175,'G-172',0,'General',NULL,0,'4f6dd40c-9074-4ecb-aa58-387f528c2a92',NULL,'2026-02-04 16:05:29','2026-02-04 17:53:19',707),(173,2,176,'G-173',0,'General',NULL,0,'57772fe7-7f33-4c79-93d5-33df85de810a',NULL,'2026-02-04 16:05:29','2026-02-04 17:53:19',708),(174,2,177,'G-174',0,'General',NULL,0,'5a7dc6ce-7b19-46ba-9c01-91fe9132066b',NULL,'2026-02-04 16:05:29','2026-02-04 17:53:19',709),(175,2,178,'G-175',0,'General',NULL,0,'c19b655e-e072-48b3-bf4b-203732550d74',NULL,'2026-02-04 16:05:29','2026-02-04 17:53:19',710),(176,2,179,'G-176',0,'General',NULL,0,'25c377b3-24bd-4ca7-a96f-c43d106a98ac',NULL,'2026-02-04 16:05:29','2026-02-04 17:53:19',711),(177,2,180,'G-177',0,'General',NULL,0,'c3a824b2-b99f-44e2-b7b5-144c77ec6ff3',NULL,'2026-02-04 16:05:29','2026-02-04 17:53:19',712),(178,2,181,'G-178',0,'General',NULL,0,'e0cf1816-a882-4e92-8a3f-ec4f59a775c2',NULL,'2026-02-04 16:05:29','2026-02-04 17:53:19',713),(179,2,182,'G-179',0,'General',NULL,0,'5fed9c6a-0601-48f8-a7e2-6065df7d26f4',NULL,'2026-02-04 16:05:29','2026-02-04 17:53:19',714),(180,2,183,'G-180',0,'General',NULL,0,'a8680998-dad8-47ce-bf1e-02ae7299a416',NULL,'2026-02-04 16:05:29','2026-02-04 17:53:19',715),(181,2,184,'G-181',0,'General',NULL,0,'d121edf9-966c-4e0d-b254-2052144655ba',NULL,'2026-02-04 16:05:29','2026-02-04 17:53:19',716),(182,2,185,'G-182',0,'General',NULL,0,'a9569e72-6380-4770-89a1-09508d9e1c28',NULL,'2026-02-04 16:05:29','2026-02-04 17:53:19',717),(183,2,186,'G-183',0,'General',NULL,0,'c3a2750f-bf70-4606-9472-553affe19194',NULL,'2026-02-04 16:05:29','2026-02-04 17:53:19',718),(184,2,187,'G-184',0,'General',NULL,0,'c08b0aea-a8ce-4d03-9fb9-7c7b492f73b9',NULL,'2026-02-04 16:05:29','2026-02-04 17:53:19',719),(185,2,188,'G-185',0,'General',NULL,0,'f14daee4-693b-4dee-8d95-38d2c61f36c7',NULL,'2026-02-04 16:05:29','2026-02-04 17:53:19',720),(186,2,189,'G-186',0,'General',NULL,0,'9cfe334f-257d-4880-8502-b30c9da65f98',NULL,'2026-02-04 16:05:29','2026-02-04 17:53:19',721),(187,2,190,'G-187',0,'General',NULL,0,'58b6efb0-bcde-4087-9868-a68c5b49e457',NULL,'2026-02-04 16:05:29','2026-02-04 17:53:19',722),(188,2,191,'G-188',0,'General',NULL,0,'f3595cc4-09e0-4a63-9f98-093b38525d42',NULL,'2026-02-04 16:05:29','2026-02-04 17:53:19',723),(189,2,192,'G-189',0,'General',NULL,0,'d1cfbbe2-df0b-4794-a9da-320d9d641f22',NULL,'2026-02-04 16:05:29','2026-02-04 17:53:19',724),(190,2,193,'G-190',0,'General',NULL,0,'67bce17e-1bfa-4440-bcbd-5395d36a9f68',NULL,'2026-02-04 16:05:29','2026-02-04 17:53:19',725),(191,2,194,'G-191',0,'General',NULL,0,'b030c5d3-1e7d-4bea-81b0-2820bd1609fb',NULL,'2026-02-04 16:05:29','2026-02-04 17:53:19',726),(192,2,195,'G-192',0,'General',NULL,0,'d1867d9c-8cd6-429a-87d9-e9f608d4336c',NULL,'2026-02-04 16:05:29','2026-02-04 17:53:19',727),(193,2,196,'G-193',0,'General',NULL,0,'702d1d40-71e3-4001-aac2-c8a0a996adcf',NULL,'2026-02-04 16:05:29','2026-02-04 17:53:19',728),(194,2,197,'G-194',0,'General',NULL,0,'93d92a24-91a2-400c-9060-c63d0f514922',NULL,'2026-02-04 16:05:29','2026-02-04 17:53:19',729),(195,2,198,'G-195',0,'General',NULL,0,'804da6bc-0796-40a7-84bd-3531a4ef1d9c',NULL,'2026-02-04 16:05:29','2026-02-04 17:53:19',730),(196,2,199,'G-196',0,'General',NULL,0,'d5a44f1e-08a3-458c-ab83-e7289ff4384e',NULL,'2026-02-04 16:05:29','2026-02-04 17:53:19',731),(197,2,200,'G-197',0,'General',NULL,0,'192d5e9f-993e-4850-aabe-6abbfc3a3645',NULL,'2026-02-04 16:05:29','2026-02-04 17:53:19',732),(198,2,201,'G-198',0,'General',NULL,0,'e6067fec-4a9a-4c8a-9796-ad79674adae6',NULL,'2026-02-04 16:05:29','2026-02-04 17:53:19',733),(199,2,202,'G-199',0,'General',NULL,0,'5a7a2746-caea-4931-b162-923223201bbf',NULL,'2026-02-04 16:05:29','2026-02-04 17:53:19',734),(200,2,203,'G-200',0,'General',NULL,0,'8f03364a-3650-4a64-ae60-a9554b4027e5',NULL,'2026-02-04 16:05:29','2026-02-04 17:53:19',735),(201,2,204,'G-201',0,'General',NULL,0,'e42ea826-b914-4f6b-b9dc-b3bf96b8952d',NULL,'2026-02-04 16:05:29','2026-02-04 17:53:19',736),(202,2,205,'G-202',0,'General',NULL,0,'7c158d99-f944-4e89-ab6e-fec8799859ad',NULL,'2026-02-04 16:05:29','2026-02-04 17:53:19',737),(203,2,206,'G-203',0,'General',NULL,0,'937a9ac8-4849-42e1-b539-4e86488ac69a',NULL,'2026-02-04 16:05:29','2026-02-04 17:53:19',738),(204,2,207,'G-204',0,'General',NULL,0,'909d8eef-8261-4fb3-a95a-699c898884da',NULL,'2026-02-04 16:05:29','2026-02-04 17:53:19',739),(205,2,208,'G-205',0,'General',NULL,0,'8ac95aff-4a91-4150-9659-024681e7b182',NULL,'2026-02-04 16:05:29','2026-02-04 17:53:19',740),(206,2,209,'G-206',0,'General',NULL,0,'1f6c881e-4d5a-4e67-b867-88df8487c0dc',NULL,'2026-02-04 16:05:29','2026-02-04 17:53:19',741),(207,2,210,'G-207',0,'General',NULL,0,'511c2c55-2a38-4b54-8b36-9c7de239fd95',NULL,'2026-02-04 16:05:29','2026-02-04 17:53:19',742),(208,2,211,'G-208',0,'General',NULL,0,'40a085bb-1629-495e-a66d-05e354fda2c1',NULL,'2026-02-04 16:05:29','2026-02-04 17:53:19',743),(209,2,212,'G-209',0,'General',NULL,0,'f7535d39-3bc0-4966-b4cf-a0743ee7cdcf',NULL,'2026-02-04 16:05:29','2026-02-04 17:53:19',744),(210,2,213,'G-210',0,'General',NULL,0,'6aa72b20-646c-46fe-9f62-57f019bda8fa',NULL,'2026-02-04 16:05:29','2026-02-04 17:53:19',745),(211,2,214,'G-211',0,'General',NULL,0,'84e863e4-7f48-446e-8336-04d719f4d3a9',NULL,'2026-02-04 16:05:29','2026-02-04 17:53:19',746),(212,2,215,'G-212',0,'General',NULL,0,'1cefafd1-095b-4489-ae18-a4923b2d4e94',NULL,'2026-02-04 16:05:29','2026-02-04 17:53:19',747),(213,2,216,'G-13',0,'General',NULL,0,'0e4f6566-6ea8-461a-9ee8-ebf87644ac53',NULL,'2026-02-04 16:08:48','2026-02-04 17:53:19',748),(214,2,217,'G-13',0,'General',NULL,0,'1b42bf8e-01e7-11f1-a2ac-7a5128d3ace2',NULL,'2026-02-04 16:32:33','2026-02-04 17:53:19',749),(215,2,218,'G-13',0,'General',NULL,0,'1b42e932-01e7-11f1-a2ac-7a5128d3ace2',NULL,'2026-02-04 16:32:33','2026-02-04 17:53:19',750),(216,2,219,'G-14',0,'General',NULL,0,'1b42ed42-01e7-11f1-a2ac-7a5128d3ace2',NULL,'2026-02-04 16:32:33','2026-02-04 17:53:19',751),(217,2,220,'G-14',0,'General',NULL,0,'1b42f634-01e7-11f1-a2ac-7a5128d3ace2',NULL,'2026-02-04 16:32:33','2026-02-04 17:53:19',752),(218,2,221,'G-15',0,'General',NULL,0,'1b42f968-01e7-11f1-a2ac-7a5128d3ace2',NULL,'2026-02-04 16:32:33','2026-02-04 17:53:19',753),(219,2,222,'G-15',0,'General',NULL,0,'1b42fc4c-01e7-11f1-a2ac-7a5128d3ace2',NULL,'2026-02-04 16:32:33','2026-02-04 17:53:19',754),(220,2,223,'G-16',0,'General',NULL,0,'1b42ff12-01e7-11f1-a2ac-7a5128d3ace2',NULL,'2026-02-04 16:32:33','2026-02-04 17:53:19',755),(221,2,224,'G-16',0,'General',NULL,0,'1b4301ce-01e7-11f1-a2ac-7a5128d3ace2',NULL,'2026-02-04 16:32:33','2026-02-04 17:53:19',756),(222,2,225,'G-17',0,'General',NULL,0,'1b430480-01e7-11f1-a2ac-7a5128d3ace2',NULL,'2026-02-04 16:32:33','2026-02-04 17:53:19',757),(223,2,226,'G-17',0,'General',NULL,0,'1b430732-01e7-11f1-a2ac-7a5128d3ace2',NULL,'2026-02-04 16:32:33','2026-02-04 17:53:19',758),(224,2,227,'G-18',0,'General',NULL,0,'1b4309da-01e7-11f1-a2ac-7a5128d3ace2',NULL,'2026-02-04 16:32:33','2026-02-04 17:53:19',759),(225,2,228,'G-18',0,'General',NULL,0,'1b430d04-01e7-11f1-a2ac-7a5128d3ace2',NULL,'2026-02-04 16:32:33','2026-02-04 17:53:19',760),(226,2,229,'G-19',0,'General',NULL,0,'1b431042-01e7-11f1-a2ac-7a5128d3ace2',NULL,'2026-02-04 16:32:33','2026-02-04 17:53:19',761),(227,2,230,'G-19',0,'General',NULL,0,'1b431330-01e7-11f1-a2ac-7a5128d3ace2',NULL,'2026-02-04 16:32:33','2026-02-04 17:53:19',762),(228,2,231,'G-20',0,'General',NULL,0,'1b43148e-01e7-11f1-a2ac-7a5128d3ace2',NULL,'2026-02-04 16:32:33','2026-02-04 17:53:19',763),(229,2,232,'G-20',0,'General',NULL,0,'1b4315d8-01e7-11f1-a2ac-7a5128d3ace2',NULL,'2026-02-04 16:32:33','2026-02-04 17:53:19',764),(230,2,233,'G-21',0,'General',NULL,0,'1b431718-01e7-11f1-a2ac-7a5128d3ace2',NULL,'2026-02-04 16:32:33','2026-02-04 17:53:19',765),(231,2,234,'G-21',0,'General',NULL,0,'1b43184e-01e7-11f1-a2ac-7a5128d3ace2',NULL,'2026-02-04 16:32:33','2026-02-04 17:53:19',766),(232,2,235,'G-22',0,'General',NULL,0,'1b431984-01e7-11f1-a2ac-7a5128d3ace2',NULL,'2026-02-04 16:32:33','2026-02-04 17:53:19',767),(233,2,236,'G-22',0,'General',NULL,0,'1b431ace-01e7-11f1-a2ac-7a5128d3ace2',NULL,'2026-02-04 16:32:33','2026-02-04 17:53:19',768),(234,2,237,'G-23',0,'General',NULL,0,'1b431bfa-01e7-11f1-a2ac-7a5128d3ace2',NULL,'2026-02-04 16:32:33','2026-02-04 17:53:19',769),(235,2,238,'G-23',0,'General',NULL,0,'1b431d3a-01e7-11f1-a2ac-7a5128d3ace2',NULL,'2026-02-04 16:32:33','2026-02-04 17:53:19',770),(236,2,239,'G-24',0,'General',NULL,0,'1b431e7a-01e7-11f1-a2ac-7a5128d3ace2',NULL,'2026-02-04 16:32:33','2026-02-04 17:53:19',771),(237,2,240,'G-24',0,'General',NULL,0,'1b431fba-01e7-11f1-a2ac-7a5128d3ace2',NULL,'2026-02-04 16:32:33','2026-02-04 17:53:19',772),(238,2,241,'G-25',0,'General',NULL,0,'1b4320f0-01e7-11f1-a2ac-7a5128d3ace2',NULL,'2026-02-04 16:32:33','2026-02-04 17:53:19',773),(239,2,242,'G-25',0,'General',NULL,0,'1b43229e-01e7-11f1-a2ac-7a5128d3ace2',NULL,'2026-02-04 16:32:33','2026-02-04 17:53:19',774),(240,2,243,'G-26',0,'General',NULL,0,'1b4323f2-01e7-11f1-a2ac-7a5128d3ace2',NULL,'2026-02-04 16:32:33','2026-02-04 17:53:19',775),(241,2,244,'G-26',0,'General',NULL,0,'1b43253c-01e7-11f1-a2ac-7a5128d3ace2',NULL,'2026-02-04 16:32:33','2026-02-04 17:53:19',776),(242,2,245,'G-27',0,'General',NULL,0,'1b432686-01e7-11f1-a2ac-7a5128d3ace2',NULL,'2026-02-04 16:32:33','2026-02-04 17:53:19',777),(243,2,246,'G-27',0,'General',NULL,0,'1b435d90-01e7-11f1-a2ac-7a5128d3ace2',NULL,'2026-02-04 16:32:33','2026-02-04 17:53:19',778),(244,2,247,'G-28',0,'General',NULL,0,'1b4360b0-01e7-11f1-a2ac-7a5128d3ace2',NULL,'2026-02-04 16:32:33','2026-02-04 17:53:19',779),(245,2,248,'G-28',0,'General',NULL,0,'1b436358-01e7-11f1-a2ac-7a5128d3ace2',NULL,'2026-02-04 16:32:33','2026-02-04 17:53:19',780),(246,2,249,'G-29',0,'General',NULL,0,'1b436628-01e7-11f1-a2ac-7a5128d3ace2',NULL,'2026-02-04 16:32:33','2026-02-04 17:53:19',781),(247,2,250,'G-29',0,'General',NULL,0,'1b4368c6-01e7-11f1-a2ac-7a5128d3ace2',NULL,'2026-02-04 16:32:33','2026-02-04 17:53:19',782),(248,2,251,'G-30',0,'General',NULL,0,'1b436c18-01e7-11f1-a2ac-7a5128d3ace2',NULL,'2026-02-04 16:32:33','2026-02-04 17:53:19',783),(249,2,252,'G-30',0,'General',NULL,0,'1b436ed4-01e7-11f1-a2ac-7a5128d3ace2',NULL,'2026-02-04 16:32:33','2026-02-04 17:53:19',784),(250,2,253,'G-31',0,'General',NULL,0,'1b43717c-01e7-11f1-a2ac-7a5128d3ace2',NULL,'2026-02-04 16:32:33','2026-02-04 17:53:19',785),(251,2,254,'G-31',0,'General',NULL,0,'1b437410-01e7-11f1-a2ac-7a5128d3ace2',NULL,'2026-02-04 16:32:33','2026-02-04 17:53:19',786),(252,2,255,'G-32',0,'General',NULL,0,'1b4376b8-01e7-11f1-a2ac-7a5128d3ace2',NULL,'2026-02-04 16:32:33','2026-02-04 17:53:19',787),(253,2,256,'G-32',0,'General',NULL,0,'1b43796a-01e7-11f1-a2ac-7a5128d3ace2',NULL,'2026-02-04 16:32:33','2026-02-04 17:53:19',788),(254,2,257,'G-33',0,'General',NULL,0,'1b437cb2-01e7-11f1-a2ac-7a5128d3ace2',NULL,'2026-02-04 16:32:33','2026-02-04 17:53:19',789),(255,2,258,'G-33',0,'General',NULL,0,'1b437f5a-01e7-11f1-a2ac-7a5128d3ace2',NULL,'2026-02-04 16:32:33','2026-02-04 17:53:19',790),(256,2,259,'G-34',0,'General',NULL,0,'1b438202-01e7-11f1-a2ac-7a5128d3ace2',NULL,'2026-02-04 16:32:33','2026-02-04 17:53:19',791),(257,2,260,'G-34',0,'General',NULL,0,'1b4384a0-01e7-11f1-a2ac-7a5128d3ace2',NULL,'2026-02-04 16:32:33','2026-02-04 17:53:19',792),(258,2,261,'G-35',0,'General',NULL,0,'1b438752-01e7-11f1-a2ac-7a5128d3ace2',NULL,'2026-02-04 16:32:33','2026-02-04 17:53:19',793),(259,2,262,'G-35',0,'General',NULL,0,'1b4389fa-01e7-11f1-a2ac-7a5128d3ace2',NULL,'2026-02-04 16:32:33','2026-02-04 17:53:19',794),(260,2,263,'G-36',0,'General',NULL,0,'1b438c98-01e7-11f1-a2ac-7a5128d3ace2',NULL,'2026-02-04 16:32:33','2026-02-04 17:53:19',795),(261,2,264,'G-36',0,'General',NULL,0,'1b438f2c-01e7-11f1-a2ac-7a5128d3ace2',NULL,'2026-02-04 16:32:33','2026-02-04 17:53:19',796),(262,2,265,'G-37',0,'General',NULL,0,'1b4391de-01e7-11f1-a2ac-7a5128d3ace2',NULL,'2026-02-04 16:32:33','2026-02-04 17:53:19',797),(263,2,266,'G-37',0,'General',NULL,0,'1b43947c-01e7-11f1-a2ac-7a5128d3ace2',NULL,'2026-02-04 16:32:33','2026-02-04 17:53:19',798),(264,2,267,'G-38',0,'General',NULL,0,'1b43971a-01e7-11f1-a2ac-7a5128d3ace2',NULL,'2026-02-04 16:32:33','2026-02-04 17:53:19',799),(265,2,268,'G-38',0,'General',NULL,0,'1b4399cc-01e7-11f1-a2ac-7a5128d3ace2',NULL,'2026-02-04 16:32:33','2026-02-04 17:53:19',800),(266,2,269,'G-39',0,'General',NULL,0,'1b439c92-01e7-11f1-a2ac-7a5128d3ace2',NULL,'2026-02-04 16:32:33','2026-02-04 17:53:19',801),(267,2,270,'G-39',0,'General',NULL,0,'1b439f76-01e7-11f1-a2ac-7a5128d3ace2',NULL,'2026-02-04 16:32:33','2026-02-04 17:53:19',802),(268,2,271,'G-40',0,'General',NULL,0,'1b43a23c-01e7-11f1-a2ac-7a5128d3ace2',NULL,'2026-02-04 16:32:33','2026-02-04 17:53:19',803),(269,2,272,'G-40',0,'General',NULL,0,'1b43a502-01e7-11f1-a2ac-7a5128d3ace2',NULL,'2026-02-04 16:32:33','2026-02-04 17:53:19',804),(270,2,273,'G-41',0,'General',NULL,0,'1b43a660-01e7-11f1-a2ac-7a5128d3ace2',NULL,'2026-02-04 16:32:33','2026-02-04 17:53:19',805),(271,2,274,'G-41',0,'General',NULL,0,'1b43a822-01e7-11f1-a2ac-7a5128d3ace2',NULL,'2026-02-04 16:32:33','2026-02-04 17:53:19',806),(272,2,275,'G-42',0,'General',NULL,0,'1b43a96c-01e7-11f1-a2ac-7a5128d3ace2',NULL,'2026-02-04 16:32:33','2026-02-04 17:53:19',807),(273,2,276,'G-42',0,'General',NULL,0,'1b43aaa2-01e7-11f1-a2ac-7a5128d3ace2',NULL,'2026-02-04 16:32:33','2026-02-04 17:53:19',808),(274,2,277,'G-43',0,'General',NULL,0,'1b43abe2-01e7-11f1-a2ac-7a5128d3ace2',NULL,'2026-02-04 16:32:33','2026-02-04 17:53:19',809),(275,2,278,'G-43',0,'General',NULL,0,'1b43ae08-01e7-11f1-a2ac-7a5128d3ace2',NULL,'2026-02-04 16:32:33','2026-02-04 17:53:19',810),(276,2,279,'G-44',0,'General',NULL,0,'1b43afc0-01e7-11f1-a2ac-7a5128d3ace2',NULL,'2026-02-04 16:32:33','2026-02-04 17:53:19',811),(277,2,280,'G-44',0,'General',NULL,0,'1b43b128-01e7-11f1-a2ac-7a5128d3ace2',NULL,'2026-02-04 16:32:33','2026-02-04 17:53:19',812),(278,2,281,'G-45',0,'General',NULL,0,'1b43b2a4-01e7-11f1-a2ac-7a5128d3ace2',NULL,'2026-02-04 16:32:33','2026-02-04 17:53:19',813),(279,2,282,'G-45',0,'General',NULL,0,'1b43b510-01e7-11f1-a2ac-7a5128d3ace2',NULL,'2026-02-04 16:32:33','2026-02-04 17:53:19',814),(280,2,283,'G-46',0,'General',NULL,0,'1b43bf2e-01e7-11f1-a2ac-7a5128d3ace2',NULL,'2026-02-04 16:32:33','2026-02-04 17:53:19',815),(281,2,284,'G-46',0,'General',NULL,0,'1b43c0e6-01e7-11f1-a2ac-7a5128d3ace2',NULL,'2026-02-04 16:32:33','2026-02-04 17:53:19',816),(282,2,285,'G-47',0,'General',NULL,0,'1b43c230-01e7-11f1-a2ac-7a5128d3ace2',NULL,'2026-02-04 16:32:33','2026-02-04 17:53:19',817),(283,2,286,'G-47',0,'General',NULL,0,'1b43c37a-01e7-11f1-a2ac-7a5128d3ace2',NULL,'2026-02-04 16:32:33','2026-02-04 17:53:19',818),(284,2,287,'G-48',0,'General',NULL,0,'1b43c50a-01e7-11f1-a2ac-7a5128d3ace2',NULL,'2026-02-04 16:32:33','2026-02-04 17:53:19',819),(285,2,288,'G-48',0,'General',NULL,0,'1b43c654-01e7-11f1-a2ac-7a5128d3ace2',NULL,'2026-02-04 16:32:33','2026-02-04 17:53:19',820),(286,2,289,'G-49',0,'General',NULL,0,'1b43cb0e-01e7-11f1-a2ac-7a5128d3ace2',NULL,'2026-02-04 16:32:33','2026-02-04 17:53:19',821),(287,2,290,'G-49',0,'General',NULL,0,'1b43ccd0-01e7-11f1-a2ac-7a5128d3ace2',NULL,'2026-02-04 16:32:33','2026-02-04 17:53:19',822),(288,2,291,'G-50',0,'General',NULL,0,'1b43ce38-01e7-11f1-a2ac-7a5128d3ace2',NULL,'2026-02-04 16:32:33','2026-02-04 17:53:19',823),(289,2,292,'G-50',0,'General',NULL,0,'1b43cfa0-01e7-11f1-a2ac-7a5128d3ace2',NULL,'2026-02-04 16:32:33','2026-02-04 17:53:19',824),(290,2,293,'G-51',0,'General',NULL,0,'1b43d0f4-01e7-11f1-a2ac-7a5128d3ace2',NULL,'2026-02-04 16:32:33','2026-02-04 17:53:19',825),(291,2,294,'G-51',0,'General',NULL,0,'1b43d234-01e7-11f1-a2ac-7a5128d3ace2',NULL,'2026-02-04 16:32:33','2026-02-04 17:53:19',826),(292,2,295,'G-52',0,'General',NULL,0,'1b43d388-01e7-11f1-a2ac-7a5128d3ace2',NULL,'2026-02-04 16:32:33','2026-02-04 17:53:19',827),(293,2,296,'G-52',0,'General',NULL,0,'1b43d4d2-01e7-11f1-a2ac-7a5128d3ace2',NULL,'2026-02-04 16:32:33','2026-02-04 17:53:19',828),(294,2,297,'G-53',0,'General',NULL,0,'1b43d626-01e7-11f1-a2ac-7a5128d3ace2',NULL,'2026-02-04 16:32:33','2026-02-04 17:53:19',829),(295,2,298,'G-53',0,'General',NULL,0,'1b43d77a-01e7-11f1-a2ac-7a5128d3ace2',NULL,'2026-02-04 16:32:33','2026-02-04 17:53:19',830),(296,2,299,'G-54',0,'General',NULL,0,'1b43d8ba-01e7-11f1-a2ac-7a5128d3ace2',NULL,'2026-02-04 16:32:33','2026-02-04 17:53:19',831),(297,2,300,'G-54',0,'General',NULL,0,'1b43da04-01e7-11f1-a2ac-7a5128d3ace2',NULL,'2026-02-04 16:32:33','2026-02-04 17:53:19',832),(298,2,301,'G-55',0,'General',NULL,0,'1b43db4e-01e7-11f1-a2ac-7a5128d3ace2',NULL,'2026-02-04 16:32:33','2026-02-04 17:53:19',833),(299,2,302,'G-55',0,'General',NULL,0,'1b43dc8e-01e7-11f1-a2ac-7a5128d3ace2',NULL,'2026-02-04 16:32:33','2026-02-04 17:53:19',834),(300,2,303,'G-56',0,'General',NULL,0,'1b43ddce-01e7-11f1-a2ac-7a5128d3ace2',NULL,'2026-02-04 16:32:33','2026-02-04 17:53:19',835),(301,2,304,'G-56',0,'General',NULL,0,'1b43df0e-01e7-11f1-a2ac-7a5128d3ace2',NULL,'2026-02-04 16:32:33','2026-02-04 17:53:19',836),(302,2,305,'G-57',0,'General',NULL,0,'1b43e058-01e7-11f1-a2ac-7a5128d3ace2',NULL,'2026-02-04 16:32:33','2026-02-04 17:53:19',837),(303,2,306,'G-57',0,'General',NULL,0,'1b43e198-01e7-11f1-a2ac-7a5128d3ace2',NULL,'2026-02-04 16:32:33','2026-02-04 17:53:19',838),(304,2,307,'G-58',0,'General',NULL,0,'1b43e2f6-01e7-11f1-a2ac-7a5128d3ace2',NULL,'2026-02-04 16:32:33','2026-02-04 17:53:19',839),(305,2,308,'G-58',0,'General',NULL,0,'1b43e44a-01e7-11f1-a2ac-7a5128d3ace2',NULL,'2026-02-04 16:32:33','2026-02-04 17:53:19',840),(306,2,309,'G-59',0,'General',NULL,0,'1b43e594-01e7-11f1-a2ac-7a5128d3ace2',NULL,'2026-02-04 16:32:33','2026-02-04 17:53:19',841),(307,2,310,'G-59',0,'General',NULL,0,'1b43e6d4-01e7-11f1-a2ac-7a5128d3ace2',NULL,'2026-02-04 16:32:33','2026-02-04 17:53:19',842),(308,2,311,'G-60',0,'General',NULL,0,'1b43e814-01e7-11f1-a2ac-7a5128d3ace2',NULL,'2026-02-04 16:32:33','2026-02-04 17:53:19',843),(309,2,312,'G-60',0,'General',NULL,0,'1b43e954-01e7-11f1-a2ac-7a5128d3ace2',NULL,'2026-02-04 16:32:33','2026-02-04 17:53:19',844),(310,2,313,'G-61',0,'General',NULL,0,'1b43ea9e-01e7-11f1-a2ac-7a5128d3ace2',NULL,'2026-02-04 16:32:33','2026-02-04 17:53:19',845),(311,2,314,'G-61',0,'General',NULL,0,'1b43ebe8-01e7-11f1-a2ac-7a5128d3ace2',NULL,'2026-02-04 16:32:33','2026-02-04 17:53:19',846),(312,2,315,'G-62',0,'General',NULL,0,'1b43ed28-01e7-11f1-a2ac-7a5128d3ace2',NULL,'2026-02-04 16:32:33','2026-02-04 17:53:19',847),(313,2,316,'G-62',0,'General',NULL,0,'1b43eea4-01e7-11f1-a2ac-7a5128d3ace2',NULL,'2026-02-04 16:32:33','2026-02-04 17:53:19',848),(314,2,317,'G-63',0,'General',NULL,0,'1b43f12e-01e7-11f1-a2ac-7a5128d3ace2',NULL,'2026-02-04 16:32:33','2026-02-04 17:53:19',849),(315,2,318,'G-63',0,'General',NULL,0,'1b43f2c8-01e7-11f1-a2ac-7a5128d3ace2',NULL,'2026-02-04 16:32:33','2026-02-04 17:53:19',850),(316,2,319,'G-64',0,'General',NULL,0,'1b43f426-01e7-11f1-a2ac-7a5128d3ace2',NULL,'2026-02-04 16:32:33','2026-02-04 17:53:19',851),(317,2,320,'G-64',0,'General',NULL,0,'1b43f58e-01e7-11f1-a2ac-7a5128d3ace2',NULL,'2026-02-04 16:32:33','2026-02-04 17:53:19',852),(318,2,321,'G-65',0,'General',NULL,0,'1b43f78c-01e7-11f1-a2ac-7a5128d3ace2',NULL,'2026-02-04 16:32:33','2026-02-04 17:53:19',853),(319,2,322,'G-65',0,'General',NULL,0,'1b43f8e0-01e7-11f1-a2ac-7a5128d3ace2',NULL,'2026-02-04 16:32:33','2026-02-04 17:53:19',854),(320,2,323,'G-66',0,'General',NULL,0,'1b43fa20-01e7-11f1-a2ac-7a5128d3ace2',NULL,'2026-02-04 16:32:33','2026-02-04 17:53:19',855),(321,2,324,'G-66',0,'General',NULL,0,'1b43fb6a-01e7-11f1-a2ac-7a5128d3ace2',NULL,'2026-02-04 16:32:33','2026-02-04 17:53:19',856),(322,2,325,'G-67',0,'General',NULL,0,'1b43fcbe-01e7-11f1-a2ac-7a5128d3ace2',NULL,'2026-02-04 16:32:33','2026-02-04 17:53:19',857),(323,2,326,'G-67',0,'General',NULL,0,'1b43fdfe-01e7-11f1-a2ac-7a5128d3ace2',NULL,'2026-02-04 16:32:33','2026-02-04 17:53:19',858),(324,2,327,'G-68',0,'General',NULL,0,'1b44165e-01e7-11f1-a2ac-7a5128d3ace2',NULL,'2026-02-04 16:32:33','2026-02-04 17:53:19',859),(325,2,328,'G-68',0,'General',NULL,0,'1b44180c-01e7-11f1-a2ac-7a5128d3ace2',NULL,'2026-02-04 16:32:33','2026-02-04 17:53:19',860),(326,2,329,'G-69',0,'General',NULL,0,'1b441974-01e7-11f1-a2ac-7a5128d3ace2',NULL,'2026-02-04 16:32:33','2026-02-04 17:53:19',861),(327,2,330,'G-69',0,'General',NULL,0,'1b441ac8-01e7-11f1-a2ac-7a5128d3ace2',NULL,'2026-02-04 16:32:33','2026-02-04 17:53:19',862),(328,2,331,'G-70',0,'General',NULL,0,'1b441c12-01e7-11f1-a2ac-7a5128d3ace2',NULL,'2026-02-04 16:32:33','2026-02-04 17:53:19',863),(329,2,332,'G-70',0,'General',NULL,0,'1b441d5c-01e7-11f1-a2ac-7a5128d3ace2',NULL,'2026-02-04 16:32:33','2026-02-04 17:53:19',864),(330,2,333,'G-71',0,'General',NULL,0,'1b441ec4-01e7-11f1-a2ac-7a5128d3ace2',NULL,'2026-02-04 16:32:33','2026-02-04 17:53:19',865),(331,2,334,'G-71',0,'General',NULL,0,'1b441ffa-01e7-11f1-a2ac-7a5128d3ace2',NULL,'2026-02-04 16:32:33','2026-02-04 17:53:19',866),(332,2,335,'G-72',0,'General',NULL,0,'1b44213a-01e7-11f1-a2ac-7a5128d3ace2',NULL,'2026-02-04 16:32:33','2026-02-04 17:53:19',867),(333,2,336,'G-72',0,'General',NULL,0,'1b44227a-01e7-11f1-a2ac-7a5128d3ace2',NULL,'2026-02-04 16:32:33','2026-02-04 17:53:19',868),(334,2,337,'G-73',0,'General',NULL,0,'1b4423ce-01e7-11f1-a2ac-7a5128d3ace2',NULL,'2026-02-04 16:32:33','2026-02-04 17:53:19',869),(335,2,338,'G-73',0,'General',NULL,0,'1b4424fa-01e7-11f1-a2ac-7a5128d3ace2',NULL,'2026-02-04 16:32:33','2026-02-04 17:53:19',870),(336,2,339,'G-74',0,'General',NULL,0,'1b44263a-01e7-11f1-a2ac-7a5128d3ace2',NULL,'2026-02-04 16:32:33','2026-02-04 17:53:19',871),(337,2,340,'G-74',0,'General',NULL,0,'1b442770-01e7-11f1-a2ac-7a5128d3ace2',NULL,'2026-02-04 16:32:33','2026-02-04 17:53:19',872),(338,2,341,'G-75',0,'General',NULL,0,'1b4428ba-01e7-11f1-a2ac-7a5128d3ace2',NULL,'2026-02-04 16:32:33','2026-02-04 17:53:19',873),(339,2,342,'G-75',0,'General',NULL,0,'1b4429f0-01e7-11f1-a2ac-7a5128d3ace2',NULL,'2026-02-04 16:32:33','2026-02-04 17:53:19',874),(340,2,343,'G-76',0,'General',NULL,0,'1b442b30-01e7-11f1-a2ac-7a5128d3ace2',NULL,'2026-02-04 16:32:33','2026-02-04 17:53:19',875),(341,2,344,'G-76',0,'General',NULL,0,'1b442c70-01e7-11f1-a2ac-7a5128d3ace2',NULL,'2026-02-04 16:32:33','2026-02-04 17:53:19',876),(342,2,345,'G-77',0,'General',NULL,0,'1b442dba-01e7-11f1-a2ac-7a5128d3ace2',NULL,'2026-02-04 16:32:33','2026-02-04 17:53:19',877),(343,2,346,'G-77',0,'General',NULL,0,'1b442f04-01e7-11f1-a2ac-7a5128d3ace2',NULL,'2026-02-04 16:32:33','2026-02-04 17:53:19',878),(344,2,347,'G-78',0,'General',NULL,0,'1b443044-01e7-11f1-a2ac-7a5128d3ace2',NULL,'2026-02-04 16:32:33','2026-02-04 17:53:19',879),(345,2,348,'G-78',0,'General',NULL,0,'1b443184-01e7-11f1-a2ac-7a5128d3ace2',NULL,'2026-02-04 16:32:33','2026-02-04 17:53:19',880),(346,2,349,'G-79',0,'General',NULL,0,'1b4432ce-01e7-11f1-a2ac-7a5128d3ace2',NULL,'2026-02-04 16:32:33','2026-02-04 17:53:19',881),(347,2,350,'G-79',0,'General',NULL,0,'1b443404-01e7-11f1-a2ac-7a5128d3ace2',NULL,'2026-02-04 16:32:33','2026-02-04 17:53:19',882),(348,2,351,'G-80',0,'General',NULL,0,'1b443544-01e7-11f1-a2ac-7a5128d3ace2',NULL,'2026-02-04 16:32:33','2026-02-04 17:53:19',883),(349,2,352,'G-80',0,'General',NULL,0,'1b44367a-01e7-11f1-a2ac-7a5128d3ace2',NULL,'2026-02-04 16:32:33','2026-02-04 17:53:19',884),(350,2,353,'G-81',0,'General',NULL,0,'1b4437c4-01e7-11f1-a2ac-7a5128d3ace2',NULL,'2026-02-04 16:32:33','2026-02-04 17:53:19',885),(351,2,354,'G-81',0,'General',NULL,0,'1b4438fa-01e7-11f1-a2ac-7a5128d3ace2',NULL,'2026-02-04 16:32:33','2026-02-04 17:53:19',886),(352,2,355,'G-82',0,'General',NULL,0,'1b443a3a-01e7-11f1-a2ac-7a5128d3ace2',NULL,'2026-02-04 16:32:33','2026-02-04 17:53:19',887),(353,2,356,'G-82',0,'General',NULL,0,'1b443b7a-01e7-11f1-a2ac-7a5128d3ace2',NULL,'2026-02-04 16:32:33','2026-02-04 17:53:19',888),(354,2,357,'G-83',0,'General',NULL,0,'1b443cba-01e7-11f1-a2ac-7a5128d3ace2',NULL,'2026-02-04 16:32:33','2026-02-04 17:53:19',889),(355,2,358,'G-83',0,'General',NULL,0,'1b443dfa-01e7-11f1-a2ac-7a5128d3ace2',NULL,'2026-02-04 16:32:33','2026-02-04 17:53:19',890),(356,2,359,'G-84',0,'General',NULL,0,'1b443f4e-01e7-11f1-a2ac-7a5128d3ace2',NULL,'2026-02-04 16:32:33','2026-02-04 17:53:19',891),(357,2,360,'G-84',0,'General',NULL,0,'1b444084-01e7-11f1-a2ac-7a5128d3ace2',NULL,'2026-02-04 16:32:33','2026-02-04 17:53:19',892),(358,2,361,'G-85',0,'General',NULL,0,'1b4441ce-01e7-11f1-a2ac-7a5128d3ace2',NULL,'2026-02-04 16:32:33','2026-02-04 17:53:19',893),(359,2,362,'G-85',0,'General',NULL,0,'1b44430e-01e7-11f1-a2ac-7a5128d3ace2',NULL,'2026-02-04 16:32:33','2026-02-04 17:53:19',894),(360,2,363,'G-86',0,'General',NULL,0,'1b44444e-01e7-11f1-a2ac-7a5128d3ace2',NULL,'2026-02-04 16:32:33','2026-02-04 17:53:19',895),(361,2,364,'G-86',0,'General',NULL,0,'1b4445fc-01e7-11f1-a2ac-7a5128d3ace2',NULL,'2026-02-04 16:32:33','2026-02-04 17:53:19',896),(362,2,365,'G-87',0,'General',NULL,0,'1b44473c-01e7-11f1-a2ac-7a5128d3ace2',NULL,'2026-02-04 16:32:33','2026-02-04 17:53:19',897);
/*!40000 ALTER TABLE `member_preferences` ENABLE KEYS */;
UNLOCK TABLES;

--
-- Table structure for table `members`
--

DROP TABLE IF EXISTS `members`;
/*!40101 SET @saved_cs_client     = @@character_set_client */;
/*!50503 SET character_set_client = utf8mb4 */;
CREATE TABLE `members` (
  `id` bigint unsigned NOT NULL AUTO_INCREMENT,
  `first_name` varchar(100) NOT NULL,
  `last_name` varchar(100) NOT NULL,
  `phone` varchar(30) DEFAULT NULL,
  `gender` enum('male','female') NOT NULL,
  `birth_date` date DEFAULT NULL,
  `needs_accessible` tinyint(1) NOT NULL DEFAULT '0',
  `created_at` timestamp NOT NULL DEFAULT CURRENT_TIMESTAMP,
  PRIMARY KEY (`id`),
  KEY `idx_members_name` (`last_name`,`first_name`)
) ENGINE=InnoDB AUTO_INCREMENT=472 DEFAULT CHARSET=utf8mb4 COLLATE=utf8mb4_0900_ai_ci;
/*!40101 SET character_set_client = @saved_cs_client */;

--
-- Dumping data for table `members`
--

LOCK TABLES `members` WRITE;
/*!40000 ALTER TABLE `members` DISABLE KEYS */;
INSERT INTO `members` VALUES (1,'Alice','Johnson','050-1111111','female','1992-03-10',0,'2026-01-24 16:00:27'),(2,'Bob','Smith','050-2222222','male','1988-07-22',0,'2026-01-24 16:00:27'),(3,'Carol','Martinez','050-3333333','female','1995-11-02',0,'2026-01-24 16:00:27'),(4,'David','Chen','050-4444444','male','1985-05-14',0,'2026-01-24 16:00:27'),(5,'Emma','Wilson','050-5555555','female','1999-09-09',0,'2026-01-24 16:00:27'),(6,'Frank','Thompson','050-6666666','male','1991-12-12',0,'2026-01-24 16:00:27'),(8,'Alice','Levi','501234567','female','1990-03-21',0,'2026-01-31 10:56:57'),(9,'Bob','Cohen','509876543','male','1985-12-02',0,'2026-01-31 10:56:57'),(10,'Charlie','Brown',NULL,'male','1998-07-15',0,'2026-01-31 10:56:57'),(13,'Liza','Brown',NULL,'female',NULL,0,'2026-02-01 17:29:12'),(14,'Liza','Brown',NULL,'female',NULL,0,'2026-02-02 16:10:46'),(15,'Josh','Brown',NULL,'male',NULL,0,'2026-02-02 16:10:46'),(16,'Dina','Mizrahi','521000001','female','1965-12-30',0,'2026-02-04 16:05:28'),(17,'Dana','Goldberg','531000002','male','1965-02-28',0,'2026-02-04 16:05:28'),(18,'Or','Hazan','541000003','female','1968-08-04',0,'2026-02-04 16:05:28'),(19,'Paz','Saadon','551000004','male','1977-07-17',0,'2026-02-04 16:05:28'),(20,'Tamar','Nagar','581000005','female','1991-07-27',0,'2026-02-04 16:05:28'),(21,'Dana','Friedman','501000006','male','2003-07-02',0,'2026-02-04 16:05:28'),(22,'Itay','Bar','521000007','female','1985-06-16',0,'2026-02-04 16:05:28'),(23,'Shai','Mor','531000008','male','1965-04-01',0,'2026-02-04 16:05:28'),(24,'Kevin','Bar','541000009','female','1997-11-15',0,'2026-02-04 16:05:28'),(25,'Quinn','Mor','551000010','male','2002-03-31',0,'2026-02-04 16:05:28'),(26,'Fiona','Amar','581000011','female','1972-02-28',0,'2026-02-04 16:05:28'),(27,'Julia','Sharabi','501000012','male','1963-12-29',0,'2026-02-04 16:05:28'),(28,'Alice','Gabay','521000013','female','2001-06-18',0,'2026-02-04 16:05:28'),(29,'Maya','Biton','531000014','male','1956-05-05',0,'2026-02-04 16:05:28'),(30,'Roni','Hazan','541000015','female','1951-08-22',0,'2026-02-04 16:05:28'),(31,'Roni','Avrahami','551000016','male','2003-04-20',0,'2026-02-04 16:05:28'),(32,'Roni','Friedman','581000017','female','1994-07-01',0,'2026-02-04 16:05:28'),(33,'Ziv','Gabay','501000018','male','1994-09-22',0,'2026-02-04 16:05:28'),(34,'Lior','Nahum','521000019','female','1957-08-12',0,'2026-02-04 16:05:28'),(35,'Gideon','Nagar','531000020','male','1980-11-06',0,'2026-02-04 16:05:28'),(36,'Ron','Shapiro','541000021','female','2000-06-19',0,'2026-02-04 16:05:28'),(37,'Noam','Rosen','551000022','male','1985-11-04',0,'2026-02-04 16:05:28'),(38,'Shai','Peretz','581000023','female','1997-06-25',0,'2026-02-04 16:05:28'),(39,'Shai','Nahum','501000024','male','1958-01-16',0,'2026-02-04 16:05:28'),(40,'Gal','Cohen','521000025','female','1970-10-09',0,'2026-02-04 16:05:28'),(41,'Ziv','Sharabi','531000026','male','1953-09-18',0,'2026-02-04 16:05:28'),(42,'Noam','Goldberg','541000027','female','1954-08-18',0,'2026-02-04 16:05:28'),(43,'Yoni','Sason','551000028','male','1952-08-17',0,'2026-02-04 16:05:28'),(44,'Roni','Halevi','581000029','female','1987-11-11',0,'2026-02-04 16:05:28'),(45,'Omer','Mor','501000030','male','1961-03-24',0,'2026-02-04 16:05:28'),(46,'Gal','Goldberg','521000031','female','1973-12-25',0,'2026-02-04 16:05:28'),(47,'Hila','Amar','531000032','male','1967-09-10',0,'2026-02-04 16:05:28'),(48,'Bob','Shapiro','541000033','female','1968-05-22',0,'2026-02-04 16:05:28'),(49,'Ron','Avrahami','551000034','male','1981-06-07',0,'2026-02-04 16:05:28'),(50,'Shai','Rosen','581000035','female','1955-04-24',0,'2026-02-04 16:05:28'),(51,'Fiona','Saadon','501000036','male','1969-08-21',0,'2026-02-04 16:05:28'),(52,'Maya','Weiss',NULL,'female','1980-09-17',0,'2026-02-04 16:05:28'),(53,'Noam','Cohen','531000038','male','1957-02-04',0,'2026-02-04 16:05:28'),(54,'Paz','Bar','541000039','female','1952-05-24',0,'2026-02-04 16:05:28'),(55,'Ziv','Nahum','551000040','male','2002-09-15',0,'2026-02-04 16:05:28'),(56,'Neta','Sharabi','581000041','female',NULL,0,'2026-02-04 16:05:28'),(57,'Maya','Nahum','501000042','male','1953-06-01',0,'2026-02-04 16:05:28'),(58,'Eitan','Gabay','521000043','female','1999-03-17',0,'2026-02-04 16:05:28'),(59,'Maya','Peretz','531000044','male','1989-06-20',0,'2026-02-04 16:05:28'),(60,'Yael','Goldberg','541000045','female','1951-12-29',0,'2026-02-04 16:05:28'),(61,'Bob','Nagar','551000046','male','1989-03-06',0,'2026-02-04 16:05:28'),(62,'Neta','Friedman','581000047','female','1984-05-14',0,'2026-02-04 16:05:28'),(63,'Lior','Peretz','501000048','male','2000-10-28',0,'2026-02-04 16:05:28'),(64,'Uri','Dahan','521000049','female','1994-01-07',0,'2026-02-04 16:05:28'),(65,'Shai','Sason','531000050','male','1986-08-04',0,'2026-02-04 16:05:28'),(66,'Kevin','Dayan','541000051','female','1992-07-07',0,'2026-02-04 16:05:28'),(67,'Quinn','Nagar','551000052','male','1958-08-03',0,'2026-02-04 16:05:28'),(68,'Ziv','Mor','581000053','female','2001-05-17',0,'2026-02-04 16:05:28'),(69,'Quinn','Mizrahi','501000054','male','1994-01-24',0,'2026-02-04 16:05:28'),(70,'Hila','Bar','521000055','female','2007-11-14',0,'2026-02-04 16:05:28'),(71,'Itay','Goldberg','531000056','male','1971-06-17',0,'2026-02-04 16:05:28'),(72,'Ron','Mizrahi','541000057','female','1967-09-10',0,'2026-02-04 16:05:28'),(73,'Tamar','Halevi','551000058','male','1954-11-01',0,'2026-02-04 16:05:28'),(74,'Yael','Mizrahi','581000059','female','1965-12-13',0,'2026-02-04 16:05:28'),(75,'Quinn','Weiss','501000060','male','1981-12-24',0,'2026-02-04 16:05:28'),(76,'Roni','Sason','521000061','female','2005-03-07',0,'2026-02-04 16:05:28'),(77,'Yoni','Saadon','531000062','male','1987-05-05',0,'2026-02-04 16:05:28'),(78,'Ron','Saadon','541000063','female','1982-04-06',0,'2026-02-04 16:05:29'),(79,'Itay','Cohen','551000064','male','1982-09-29',0,'2026-02-04 16:05:29'),(80,'Yoni','Levi','581000065','female','1967-05-18',0,'2026-02-04 16:05:29'),(81,'Tamar','Ohayon','501000066','male','2001-09-21',0,'2026-02-04 16:05:29'),(82,'Gal','Levi','521000067','female','1987-03-03',0,'2026-02-04 16:05:29'),(83,'Fiona','Mizrahi','531000068','male','1984-05-17',0,'2026-02-04 16:05:29'),(84,'Neta','Katz','541000069','female','1952-01-13',0,'2026-02-04 16:05:29'),(85,'Or','Sharabi','551000070','male','1955-03-13',0,'2026-02-04 16:05:29'),(86,'Tamar','Friedman','581000071','female','1990-05-12',0,'2026-02-04 16:05:29'),(87,'Alice','Saadon','501000072','male','1969-12-20',0,'2026-02-04 16:05:29'),(88,'Dina','Nahum','521000073','female','1997-10-24',0,'2026-02-04 16:05:29'),(89,'Quinn','Sason',NULL,'male','1959-04-03',0,'2026-02-04 16:05:29'),(90,'Fiona','Malka','541000075','female','1987-12-10',0,'2026-02-04 16:05:29'),(91,'Hila','Nagar','551000076','male','1994-09-28',0,'2026-02-04 16:05:29'),(92,'Ziv','Malka','581000077','female','1984-04-11',0,'2026-02-04 16:05:29'),(93,'Noam','Sharabi','501000078','male','1995-05-08',0,'2026-02-04 16:05:29'),(94,'Bob','Friedman','521000079','female','2001-09-14',0,'2026-02-04 16:05:29'),(95,'Bob','Dahan','531000080','male','2002-10-04',0,'2026-02-04 16:05:29'),(96,'Yoni','Nahum','541000081','female','1993-03-23',0,'2026-02-04 16:05:29'),(97,'Ziv','Rosen','551000082','male',NULL,0,'2026-02-04 16:05:29'),(98,'Kevin','Azulay','581000083','female','1980-07-06',0,'2026-02-04 16:05:29'),(99,'Hila','Sharabi','501000084','male','1954-09-22',0,'2026-02-04 16:05:29'),(100,'Itay','Amar','521000085','female','1957-01-16',0,'2026-02-04 16:05:29'),(101,'Julia','Nahum','531000086','male','1982-03-20',0,'2026-02-04 16:05:29'),(102,'Roni','Levi','541000087','female','1968-09-16',0,'2026-02-04 16:05:29'),(103,'Ella','Cohen','551000088','male','1996-12-14',0,'2026-02-04 16:05:29'),(104,'Charlie','Ohayon','581000089','female','1966-01-22',0,'2026-02-04 16:05:29'),(105,'Omer','Sason','501000090','male','1980-10-29',0,'2026-02-04 16:05:29'),(106,'Yael','Nagar','521000091','female','1971-12-31',0,'2026-02-04 16:05:29'),(107,'Or','Katz','531000092','male','1983-09-08',0,'2026-02-04 16:05:29'),(108,'Ziv','Biton','541000093','female','1963-03-18',0,'2026-02-04 16:05:29'),(109,'Uri','Saadon','551000094','male','1959-08-31',0,'2026-02-04 16:05:29'),(110,'Ron','Goldberg','581000095','female','1963-10-23',0,'2026-02-04 16:05:29'),(111,'Ron','Amar','501000096','male','1968-11-01',0,'2026-02-04 16:05:29'),(112,'Bob','Cohen','521000097','female','2000-11-22',0,'2026-02-04 16:05:29'),(113,'Yael','Hazan','531000098','male','1954-06-16',0,'2026-02-04 16:05:29'),(114,'Noam','Azulay','541000099','female','2004-07-13',0,'2026-02-04 16:05:29'),(115,'Omer','Shapiro','551000100','male','1969-05-08',0,'2026-02-04 16:05:29'),(116,'Hila','Avrahami','581000101','female','1979-03-12',0,'2026-02-04 16:05:29'),(117,'Or','Shapiro','501000102','male','1953-12-12',0,'2026-02-04 16:05:29'),(118,'Maya','Saadon','521000103','female','1985-08-24',0,'2026-02-04 16:05:29'),(119,'Uri','Katz','531000104','male','2005-10-15',0,'2026-02-04 16:05:29'),(120,'Ron','Levi','541000105','female','1999-12-01',0,'2026-02-04 16:05:29'),(121,'Quinn','Ben-David','551000106','male','1987-07-28',0,'2026-02-04 16:05:29'),(122,'Ziv','Dayan','581000107','female','1956-07-03',0,'2026-02-04 16:05:29'),(123,'Itay','Dayan','501000108','male','1955-06-09',0,'2026-02-04 16:05:29'),(124,'Quinn','Cohen','521000109','female','2006-04-01',0,'2026-02-04 16:05:29'),(125,'Gideon','Levi','531000110','male','1983-12-06',0,'2026-02-04 16:05:29'),(126,'Lior','Saadon',NULL,'female','1956-05-30',0,'2026-02-04 16:05:29'),(127,'Ella','Mizrahi','551000112','male','2004-07-01',0,'2026-02-04 16:05:29'),(128,'Tamar','Dahan','581000113','female','1992-05-23',0,'2026-02-04 16:05:29'),(129,'Or','Cohen','501000114','male','1965-11-24',0,'2026-02-04 16:05:29'),(130,'Lior','Katz','521000115','female','1961-07-20',0,'2026-02-04 16:05:29'),(131,'Yoni','Biton','531000116','male','1968-06-08',0,'2026-02-04 16:05:29'),(132,'Gal','Ben-David','541000117','female','1983-02-26',0,'2026-02-04 16:05:29'),(133,'Yoni','Avrahami','551000118','male','1991-10-29',0,'2026-02-04 16:05:29'),(134,'Noam','Malka','581000119','female','1955-08-06',0,'2026-02-04 16:05:29'),(135,'Tamar','Dayan','501000120','male','1969-01-01',0,'2026-02-04 16:05:29'),(136,'Uri','Biton','521000121','female','1951-02-28',0,'2026-02-04 16:05:29'),(137,'Maya','Levi','531000122','male','1963-12-30',0,'2026-02-04 16:05:29'),(138,'Paz','Cohen','541000123','female',NULL,0,'2026-02-04 16:05:29'),(139,'Paz','Shapiro','551000124','male','1999-12-04',0,'2026-02-04 16:05:29'),(140,'Dina','Dahan','581000125','female','1965-12-10',0,'2026-02-04 16:05:29'),(141,'Bob','Hazan','501000126','male','1976-11-22',0,'2026-02-04 16:05:29'),(142,'Neta','Malka','521000127','female','1971-06-23',0,'2026-02-04 16:05:29'),(143,'Omer','Mizrahi','531000128','male','1978-03-17',0,'2026-02-04 16:05:29'),(144,'Dana','Nagar','541000129','female','1979-04-22',0,'2026-02-04 16:05:29'),(145,'Eitan','Weiss','551000130','male','1998-09-22',0,'2026-02-04 16:05:29'),(146,'Lior','Ohayon','581000131','female','1993-09-06',0,'2026-02-04 16:05:29'),(147,'Fiona','Levi','501000132','male','1978-07-09',0,'2026-02-04 16:05:29'),(148,'Ziv','Cohen','521000133','female','1971-03-07',0,'2026-02-04 16:05:29'),(149,'Charlie','Gabay','531000134','male','1963-08-29',0,'2026-02-04 16:05:29'),(150,'Neta','Halevi','541000135','female','1982-04-02',0,'2026-02-04 16:05:29'),(151,'Dana','Azulay','551000136','male','1972-03-07',0,'2026-02-04 16:05:29'),(152,'Or','Bar','581000137','female','1958-10-04',0,'2026-02-04 16:05:29'),(153,'Alice','Avrahami','501000138','male','2004-10-25',0,'2026-02-04 16:05:29'),(154,'Julia','Nagar','521000139','female','1967-04-22',0,'2026-02-04 16:05:29'),(155,'Quinn','Hazan','531000140','male','2000-03-17',0,'2026-02-04 16:05:29'),(156,'Bob','Nahum','541000141','female','1979-11-22',0,'2026-02-04 16:05:29'),(157,'Ron','Azulay','551000142','male','1985-06-19',0,'2026-02-04 16:05:29'),(158,'Yael','Peretz','581000143','female','1979-02-08',0,'2026-02-04 16:05:29'),(159,'Julia','Mizrahi','501000144','male','1997-09-16',0,'2026-02-04 16:05:29'),(160,'Gideon','Ben-David','521000145','female','1971-11-06',0,'2026-02-04 16:05:29'),(161,'Dana','Shapiro','531000146','male','1961-12-10',0,'2026-02-04 16:05:29'),(162,'Uri','Weiss','541000147','female','2008-01-03',0,'2026-02-04 16:05:29'),(163,'Kevin','Malka',NULL,'male','1959-06-07',0,'2026-02-04 16:05:29'),(164,'Yoni','Amar','581000149','female','1966-08-30',0,'2026-02-04 16:05:29'),(165,'Neta','Sason','501000150','male','1971-01-13',0,'2026-02-04 16:05:29'),(166,'Ella','Hazan','521000151','female','2003-03-31',0,'2026-02-04 16:05:29'),(167,'Gal','Rosen','531000152','male','1991-04-13',0,'2026-02-04 16:05:29'),(168,'Gideon','Amar','541000153','female','1961-08-06',0,'2026-02-04 16:05:29'),(169,'Noam','Friedman','551000154','male','1975-08-27',0,'2026-02-04 16:05:29'),(170,'Or','Friedman','581000155','female','1952-04-01',0,'2026-02-04 16:05:29'),(171,'Alice','Sharabi','501000156','male','1963-05-22',0,'2026-02-04 16:05:29'),(172,'Paz','Rosen','521000157','female','1952-01-01',0,'2026-02-04 16:05:29'),(173,'Gideon','Sason','531000158','male','1968-06-14',0,'2026-02-04 16:05:29'),(174,'Charlie','Cohen','541000159','female','2003-06-24',0,'2026-02-04 16:05:29'),(175,'Tamar','Weiss','551000160','male','1989-11-05',0,'2026-02-04 16:05:29'),(176,'Gideon','Nahum','581000161','female','1984-02-25',0,'2026-02-04 16:05:29'),(177,'Neta','Ben-David','501000162','male','1958-11-02',0,'2026-02-04 16:05:29'),(178,'Tamar','Katz','521000163','female','1996-05-09',0,'2026-02-04 16:05:29'),(179,'Quinn','Dahan','531000164','male',NULL,0,'2026-02-04 16:05:29'),(180,'Or','Avrahami','541000165','female','1982-04-08',0,'2026-02-04 16:05:29'),(181,'Alice','Mor','551000166','male','1968-10-20',0,'2026-02-04 16:05:29'),(182,'Alice','Eliav','581000167','female','1964-08-15',0,'2026-02-04 16:05:29'),(183,'Gal','Friedman','501000168','male','1997-03-20',0,'2026-02-04 16:05:29'),(184,'Quinn','Bar','521000169','female','2005-07-09',0,'2026-02-04 16:05:29'),(185,'Lior','Dahan','531000170','male','1951-08-03',0,'2026-02-04 16:05:29'),(186,'Alice','Ben-David','541000171','female','1953-06-26',0,'2026-02-04 16:05:29'),(187,'Roni','Saadon','551000172','male','1986-08-22',0,'2026-02-04 16:05:29'),(188,'Ella','Bar','581000173','female','1993-11-25',0,'2026-02-04 16:05:29'),(189,'Roni','Eliav','501000174','male','1980-03-25',0,'2026-02-04 16:05:29'),(190,'Tamar','Mizrahi','521000175','female','1958-09-10',0,'2026-02-04 16:05:29'),(191,'Charlie','Peretz','531000176','male','2006-11-18',0,'2026-02-04 16:05:29'),(192,'Ella','Shapiro','541000177','female','1958-07-25',0,'2026-02-04 16:05:29'),(193,'Gal','Eliav','551000178','male','1971-07-04',0,'2026-02-04 16:05:29'),(194,'Gideon','Peretz','581000179','female','1999-09-30',0,'2026-02-04 16:05:29'),(195,'Lior','Avrahami','501000180','male','1987-12-14',0,'2026-02-04 16:05:29'),(196,'Paz','Eliav','521000181','female','1997-12-06',0,'2026-02-04 16:05:29'),(197,'Quinn','Gabay','531000182','male','1966-09-17',0,'2026-02-04 16:05:29'),(198,'Quinn','Levi','541000183','female','1997-07-27',0,'2026-02-04 16:05:29'),(199,'Paz','Levi','551000184','male','1994-04-18',0,'2026-02-04 16:05:29'),(200,'Neta','Hazan',NULL,'female','1963-05-26',0,'2026-02-04 16:05:29'),(201,'Quinn','Amar','501000186','male','1981-12-04',0,'2026-02-04 16:05:29'),(202,'Kevin','Ben-David','521000187','female','1962-06-16',0,'2026-02-04 16:05:29'),(203,'Ron','Friedman','531000188','male','1983-07-31',0,'2026-02-04 16:05:29'),(204,'Omer','Nagar','541000189','female','1970-11-01',0,'2026-02-04 16:05:29'),(205,'Bob','Peretz','551000190','male','1964-10-27',0,'2026-02-04 16:05:29'),(206,'Uri','Bar','581000191','female','1965-09-29',0,'2026-02-04 16:05:29'),(207,'Yoni','Rosen','501000192','male','1986-03-30',0,'2026-02-04 16:05:29'),(208,'Paz','Ohayon','521000193','female','1967-02-17',0,'2026-02-04 16:05:29'),(209,'Gideon','Halevi','531000194','male','1958-08-27',0,'2026-02-04 16:05:29'),(210,'Maya','Katz','541000195','female','1995-02-18',0,'2026-02-04 16:05:29'),(211,'Eitan','Saadon','551000196','male','1973-09-11',0,'2026-02-04 16:05:29'),(212,'Quinn','Goldberg','581000197','female','1991-01-04',0,'2026-02-04 16:05:29'),(213,'Ella','Goldberg','501000198','male','1954-05-03',0,'2026-02-04 16:05:29'),(214,'Ron','Hazan','521000199','female','1962-07-06',0,'2026-02-04 16:05:29'),(215,'Or','Biton','531000200','male','1995-11-11',0,'2026-02-04 16:05:29'),(216,'Avi','Mizrahi',NULL,'male',NULL,0,'2026-02-04 16:08:48'),(217,'Guest1','Of13','59000000001','male','1990-01-02',0,'2026-02-04 16:32:33'),(218,'Guest2','Of13','59000000002','female','1990-01-03',0,'2026-02-04 16:32:33'),(219,'Guest3','Of14','59000000003','male','1990-01-04',0,'2026-02-04 16:32:33'),(220,'Guest4','Of14','59000000004','female','1990-01-05',0,'2026-02-04 16:32:33'),(221,'Guest5','Of15','59000000005','male','1990-01-06',0,'2026-02-04 16:32:33'),(222,'Guest6','Of15','59000000006','female','1990-01-07',0,'2026-02-04 16:32:33'),(223,'Guest7','Of16','59000000007','male','1990-01-08',0,'2026-02-04 16:32:33'),(224,'Guest8','Of16','59000000008','female','1990-01-09',0,'2026-02-04 16:32:33'),(225,'Guest9','Of17','59000000009','male','1990-01-10',0,'2026-02-04 16:32:33'),(226,'Guest10','Of17','59000000010','female','1990-01-11',0,'2026-02-04 16:32:33'),(227,'Guest11','Of18','59000000011','male','1990-01-12',0,'2026-02-04 16:32:33'),(228,'Guest12','Of18','59000000012','female','1990-01-13',0,'2026-02-04 16:32:33'),(229,'Guest13','Of19','59000000013','male','1990-01-14',0,'2026-02-04 16:32:33'),(230,'Guest14','Of19','59000000014','female','1990-01-15',0,'2026-02-04 16:32:33'),(231,'Guest15','Of20','59000000015','male','1990-01-16',0,'2026-02-04 16:32:33'),(232,'Guest16','Of20','59000000016','female','1990-01-17',0,'2026-02-04 16:32:33'),(233,'Guest17','Of21','59000000017','male','1990-01-18',0,'2026-02-04 16:32:33'),(234,'Guest18','Of21','59000000018','female','1990-01-19',0,'2026-02-04 16:32:33'),(235,'Guest19','Of22','59000000019','male','1990-01-20',0,'2026-02-04 16:32:33'),(236,'Guest20','Of22','59000000020','female','1990-01-21',0,'2026-02-04 16:32:33'),(237,'Guest21','Of23','59000000021','male','1990-01-22',0,'2026-02-04 16:32:33'),(238,'Guest22','Of23','59000000022','female','1990-01-23',0,'2026-02-04 16:32:33'),(239,'Guest23','Of24','59000000023','male','1990-01-24',0,'2026-02-04 16:32:33'),(240,'Guest24','Of24','59000000024','female','1990-01-25',0,'2026-02-04 16:32:33'),(241,'Guest25','Of25','59000000025','male','1990-01-26',0,'2026-02-04 16:32:33'),(242,'Guest26','Of25','59000000026','female','1990-01-27',0,'2026-02-04 16:32:33'),(243,'Guest27','Of26','59000000027','male','1990-01-28',0,'2026-02-04 16:32:33'),(244,'Guest28','Of26','59000000028','female','1990-01-29',0,'2026-02-04 16:32:33'),(245,'Guest29','Of27','59000000029','male','1990-01-30',0,'2026-02-04 16:32:33'),(246,'Guest30','Of27','59000000030','female','1990-01-31',0,'2026-02-04 16:32:33'),(247,'Guest31','Of28','59000000031','male','1990-02-01',0,'2026-02-04 16:32:33'),(248,'Guest32','Of28','59000000032','female','1990-02-02',0,'2026-02-04 16:32:33'),(249,'Guest33','Of29','59000000033','male','1990-02-03',0,'2026-02-04 16:32:33'),(250,'Guest34','Of29','59000000034','female','1990-02-04',0,'2026-02-04 16:32:33'),(251,'Guest35','Of30','59000000035','male','1990-02-05',0,'2026-02-04 16:32:33'),(252,'Guest36','Of30','59000000036','female','1990-02-06',0,'2026-02-04 16:32:33'),(253,'Guest37','Of31','59000000037','male','1990-02-07',0,'2026-02-04 16:32:33'),(254,'Guest38','Of31','59000000038','female','1990-02-08',0,'2026-02-04 16:32:33'),(255,'Guest39','Of32','59000000039','male','1990-02-09',0,'2026-02-04 16:32:33'),(256,'Guest40','Of32','59000000040','female','1990-02-10',0,'2026-02-04 16:32:33'),(257,'Guest41','Of33','59000000041','male','1990-02-11',0,'2026-02-04 16:32:33'),(258,'Guest42','Of33','59000000042','female','1990-02-12',0,'2026-02-04 16:32:33'),(259,'Guest43','Of34','59000000043','male','1990-02-13',0,'2026-02-04 16:32:33'),(260,'Guest44','Of34','59000000044','female','1990-02-14',0,'2026-02-04 16:32:33'),(261,'Guest45','Of35','59000000045','male','1990-02-15',0,'2026-02-04 16:32:33'),(262,'Guest46','Of35','59000000046','female','1990-02-16',0,'2026-02-04 16:32:33'),(263,'Guest47','Of36','59000000047','male','1990-02-17',0,'2026-02-04 16:32:33'),(264,'Guest48','Of36','59000000048','female','1990-02-18',0,'2026-02-04 16:32:33'),(265,'Guest49','Of37','59000000049','male','1990-02-19',0,'2026-02-04 16:32:33'),(266,'Guest50','Of37','59000000050','female','1990-02-20',0,'2026-02-04 16:32:33'),(267,'Guest51','Of38','59000000051','male','1990-02-21',0,'2026-02-04 16:32:33'),(268,'Guest52','Of38','59000000052','female','1990-02-22',0,'2026-02-04 16:32:33'),(269,'Guest53','Of39','59000000053','male','1990-02-23',0,'2026-02-04 16:32:33'),(270,'Guest54','Of39','59000000054','female','1990-02-24',0,'2026-02-04 16:32:33'),(271,'Guest55','Of40','59000000055','male','1990-02-25',0,'2026-02-04 16:32:33'),(272,'Guest56','Of40','59000000056','female','1990-02-26',0,'2026-02-04 16:32:33'),(273,'Guest57','Of41','59000000057','male','1990-02-27',0,'2026-02-04 16:32:33'),(274,'Guest58','Of41','59000000058','female','1990-02-28',0,'2026-02-04 16:32:33'),(275,'Guest59','Of42','59000000059','male','1990-03-01',0,'2026-02-04 16:32:33'),(276,'Guest60','Of42','59000000060','female','1990-03-02',0,'2026-02-04 16:32:33'),(277,'Guest61','Of43','59000000061','male','1990-03-03',0,'2026-02-04 16:32:33'),(278,'Guest62','Of43','59000000062','female','1990-03-04',0,'2026-02-04 16:32:33'),(279,'Guest63','Of44','59000000063','male','1990-03-05',0,'2026-02-04 16:32:33'),(280,'Guest64','Of44','59000000064','female','1990-03-06',0,'2026-02-04 16:32:33'),(281,'Guest65','Of45','59000000065','male','1990-03-07',0,'2026-02-04 16:32:33'),(282,'Guest66','Of45','59000000066','female','1990-03-08',0,'2026-02-04 16:32:33'),(283,'Guest67','Of46','59000000067','male','1990-03-09',0,'2026-02-04 16:32:33'),(284,'Guest68','Of46','59000000068','female','1990-03-10',0,'2026-02-04 16:32:33'),(285,'Guest69','Of47','59000000069','male','1990-03-11',0,'2026-02-04 16:32:33'),(286,'Guest70','Of47','59000000070','female','1990-03-12',0,'2026-02-04 16:32:33'),(287,'Guest71','Of48','59000000071','male','1990-03-13',0,'2026-02-04 16:32:33'),(288,'Guest72','Of48','59000000072','female','1990-03-14',0,'2026-02-04 16:32:33'),(289,'Guest73','Of49','59000000073','male','1990-03-15',0,'2026-02-04 16:32:33'),(290,'Guest74','Of49','59000000074','female','1990-03-16',0,'2026-02-04 16:32:33'),(291,'Guest75','Of50','59000000075','male','1990-03-17',0,'2026-02-04 16:32:33'),(292,'Guest76','Of50','59000000076','female','1990-03-18',0,'2026-02-04 16:32:33'),(293,'Guest77','Of51','59000000077','male','1990-03-19',0,'2026-02-04 16:32:33'),(294,'Guest78','Of51','59000000078','female','1990-03-20',0,'2026-02-04 16:32:33'),(295,'Guest79','Of52','59000000079','male','1990-03-21',0,'2026-02-04 16:32:33'),(296,'Guest80','Of52','59000000080','female','1990-03-22',0,'2026-02-04 16:32:33'),(297,'Guest81','Of53','59000000081','male','1990-03-23',0,'2026-02-04 16:32:33'),(298,'Guest82','Of53','59000000082','female','1990-03-24',0,'2026-02-04 16:32:33'),(299,'Guest83','Of54','59000000083','male','1990-03-25',0,'2026-02-04 16:32:33'),(300,'Guest84','Of54','59000000084','female','1990-03-26',0,'2026-02-04 16:32:33'),(301,'Guest85','Of55','59000000085','male','1990-03-27',0,'2026-02-04 16:32:33'),(302,'Guest86','Of55','59000000086','female','1990-03-28',0,'2026-02-04 16:32:33'),(303,'Guest87','Of56','59000000087','male','1990-03-29',0,'2026-02-04 16:32:33'),(304,'Guest88','Of56','59000000088','female','1990-03-30',0,'2026-02-04 16:32:33'),(305,'Guest89','Of57','59000000089','male','1990-03-31',0,'2026-02-04 16:32:33'),(306,'Guest90','Of57','59000000090','female','1990-04-01',0,'2026-02-04 16:32:33'),(307,'Guest91','Of58','59000000091','male','1990-04-02',0,'2026-02-04 16:32:33'),(308,'Guest92','Of58','59000000092','female','1990-04-03',0,'2026-02-04 16:32:33'),(309,'Guest93','Of59','59000000093','male','1990-04-04',0,'2026-02-04 16:32:33'),(310,'Guest94','Of59','59000000094','female','1990-04-05',0,'2026-02-04 16:32:33'),(311,'Guest95','Of60','59000000095','male','1990-04-06',0,'2026-02-04 16:32:33'),(312,'Guest96','Of60','59000000096','female','1990-04-07',0,'2026-02-04 16:32:33'),(313,'Guest97','Of61','59000000097','male','1990-04-08',0,'2026-02-04 16:32:33'),(314,'Guest98','Of61','59000000098','female','1990-04-09',0,'2026-02-04 16:32:33'),(315,'Guest99','Of62','59000000099','male','1990-04-10',0,'2026-02-04 16:32:33'),(316,'Guest100','Of62','59000000100','female','1990-04-11',0,'2026-02-04 16:32:33'),(317,'Guest101','Of63','59000000101','male','1990-04-12',0,'2026-02-04 16:32:33'),(318,'Guest102','Of63','59000000102','female','1990-04-13',0,'2026-02-04 16:32:33'),(319,'Guest103','Of64','59000000103','male','1990-04-14',0,'2026-02-04 16:32:33'),(320,'Guest104','Of64','59000000104','female','1990-04-15',0,'2026-02-04 16:32:33'),(321,'Guest105','Of65','59000000105','male','1990-04-16',0,'2026-02-04 16:32:33'),(322,'Guest106','Of65','59000000106','female','1990-04-17',0,'2026-02-04 16:32:33'),(323,'Guest107','Of66','59000000107','male','1990-04-18',0,'2026-02-04 16:32:33'),(324,'Guest108','Of66','59000000108','female','1990-04-19',0,'2026-02-04 16:32:33'),(325,'Guest109','Of67','59000000109','male','1990-04-20',0,'2026-02-04 16:32:33'),(326,'Guest110','Of67','59000000110','female','1990-04-21',0,'2026-02-04 16:32:33'),(327,'Guest111','Of68','59000000111','male','1990-04-22',0,'2026-02-04 16:32:33'),(328,'Guest112','Of68','59000000112','female','1990-04-23',0,'2026-02-04 16:32:33'),(329,'Guest113','Of69','59000000113','male','1990-04-24',0,'2026-02-04 16:32:33'),(330,'Guest114','Of69','59000000114','female','1990-04-25',0,'2026-02-04 16:32:33'),(331,'Guest115','Of70','59000000115','male','1990-04-26',0,'2026-02-04 16:32:33'),(332,'Guest116','Of70','59000000116','female','1990-04-27',0,'2026-02-04 16:32:33'),(333,'Guest117','Of71','59000000117','male','1990-04-28',0,'2026-02-04 16:32:33'),(334,'Guest118','Of71','59000000118','female','1990-04-29',0,'2026-02-04 16:32:33'),(335,'Guest119','Of72','59000000119','male','1990-04-30',0,'2026-02-04 16:32:33'),(336,'Guest120','Of72','59000000120','female','1990-05-01',0,'2026-02-04 16:32:33'),(337,'Guest121','Of73','59000000121','male','1990-05-02',0,'2026-02-04 16:32:33'),(338,'Guest122','Of73','59000000122','female','1990-05-03',0,'2026-02-04 16:32:33'),(339,'Guest123','Of74','59000000123','male','1990-05-04',0,'2026-02-04 16:32:33'),(340,'Guest124','Of74','59000000124','female','1990-05-05',0,'2026-02-04 16:32:33'),(341,'Guest125','Of75','59000000125','male','1990-05-06',0,'2026-02-04 16:32:33'),(342,'Guest126','Of75','59000000126','female','1990-05-07',0,'2026-02-04 16:32:33'),(343,'Guest127','Of76','59000000127','male','1990-05-08',0,'2026-02-04 16:32:33'),(344,'Guest128','Of76','59000000128','female','1990-05-09',0,'2026-02-04 16:32:33'),(345,'Guest129','Of77','59000000129','male','1990-05-10',0,'2026-02-04 16:32:33'),(346,'Guest130','Of77','59000000130','female','1990-05-11',0,'2026-02-04 16:32:33'),(347,'Guest131','Of78','59000000131','male','1990-05-12',0,'2026-02-04 16:32:33'),(348,'Guest132','Of78','59000000132','female','1990-05-13',0,'2026-02-04 16:32:33'),(349,'Guest133','Of79','59000000133','male','1990-05-14',0,'2026-02-04 16:32:33'),(350,'Guest134','Of79','59000000134','female','1990-05-15',0,'2026-02-04 16:32:33'),(351,'Guest135','Of80','59000000135','male','1990-05-16',0,'2026-02-04 16:32:33'),(352,'Guest136','Of80','59000000136','female','1990-05-17',0,'2026-02-04 16:32:33'),(353,'Guest137','Of81','59000000137','male','1990-05-18',0,'2026-02-04 16:32:33'),(354,'Guest138','Of81','59000000138','female','1990-05-19',0,'2026-02-04 16:32:33'),(355,'Guest139','Of82','59000000139','male','1990-05-20',0,'2026-02-04 16:32:33'),(356,'Guest140','Of82','59000000140','female','1990-05-21',0,'2026-02-04 16:32:33'),(357,'Guest141','Of83','59000000141','male','1990-05-22',0,'2026-02-04 16:32:33'),(358,'Guest142','Of83','59000000142','female','1990-05-23',0,'2026-02-04 16:32:33'),(359,'Guest143','Of84','59000000143','male','1990-05-24',0,'2026-02-04 16:32:33'),(360,'Guest144','Of84','59000000144','female','1990-05-25',0,'2026-02-04 16:32:33'),(361,'Guest145','Of85','59000000145','male','1990-05-26',0,'2026-02-04 16:32:33'),(362,'Guest146','Of85','59000000146','female','1990-05-27',0,'2026-02-04 16:32:33'),(363,'Guest147','Of86','59000000147','male','1990-05-28',0,'2026-02-04 16:32:33'),(364,'Guest148','Of86','59000000148','female','1990-05-29',0,'2026-02-04 16:32:33'),(365,'Guest149','Of87','59000000149','male','1990-05-30',0,'2026-02-04 16:32:33');
/*!40000 ALTER TABLE `members` ENABLE KEYS */;
UNLOCK TABLES;

--
-- Table structure for table `organizations`
--

DROP TABLE IF EXISTS `organizations`;
/*!40101 SET @saved_cs_client     = @@character_set_client */;
/*!50503 SET character_set_client = utf8mb4 */;
CREATE TABLE `organizations` (
  `id` bigint unsigned NOT NULL AUTO_INCREMENT,
  `name` varchar(255) NOT NULL,
  `created_at` timestamp NOT NULL DEFAULT CURRENT_TIMESTAMP,
  PRIMARY KEY (`id`),
  UNIQUE KEY `uq_org_name` (`name`)
) ENGINE=InnoDB AUTO_INCREMENT=2 DEFAULT CHARSET=utf8mb4 COLLATE=utf8mb4_0900_ai_ci;
/*!40101 SET character_set_client = @saved_cs_client */;

--
-- Dumping data for table `organizations`
--

LOCK TABLES `organizations` WRITE;
/*!40000 ALTER TABLE `organizations` DISABLE KEYS */;
INSERT INTO `organizations` VALUES (1,'Default Center','2026-01-24 16:00:27');
/*!40000 ALTER TABLE `organizations` ENABLE KEYS */;
UNLOCK TABLES;

--
-- Table structure for table `seats`
--

DROP TABLE IF EXISTS `seats`;
/*!40101 SET @saved_cs_client     = @@character_set_client */;
/*!50503 SET character_set_client = utf8mb4 */;
CREATE TABLE `seats` (
  `id` bigint unsigned NOT NULL AUTO_INCREMENT,
  `venue_id` bigint unsigned NOT NULL,
  `code` varchar(50) NOT NULL,
  `zone` varchar(100) DEFAULT NULL,
  `row_label` varchar(50) DEFAULT NULL,
  `seat_number` varchar(50) DEFAULT NULL,
  `is_accessible` tinyint(1) NOT NULL DEFAULT '0',
  `is_blocked` tinyint(1) NOT NULL DEFAULT '0',
  `x` int DEFAULT NULL,
  `y` int DEFAULT NULL,
  `created_at` timestamp NOT NULL DEFAULT CURRENT_TIMESTAMP,
  `is_aisle` tinyint(1) NOT NULL DEFAULT '0',
  PRIMARY KEY (`id`),
  UNIQUE KEY `uq_seat_code_per_venue` (`venue_id`,`code`),
  KEY `idx_seats_venue` (`venue_id`),
  KEY `idx_seats_accessible` (`venue_id`,`is_accessible`),
  CONSTRAINT `fk_seats_venue` FOREIGN KEY (`venue_id`) REFERENCES `venues` (`id`) ON DELETE CASCADE ON UPDATE CASCADE
) ENGINE=InnoDB AUTO_INCREMENT=1240 DEFAULT CHARSET=utf8mb4 COLLATE=utf8mb4_0900_ai_ci;
/*!40101 SET character_set_client = @saved_cs_client */;

--
-- Dumping data for table `seats`
--

LOCK TABLES `seats` WRITE;
/*!40000 ALTER TABLE `seats` DISABLE KEYS */;
INSERT INTO `seats` VALUES (1,1,'VIP-A-01','VIP','A','01',1,0,10,10,'2026-01-24 16:00:27',0),(2,1,'VIP-A-02','VIP','A','02',0,0,20,10,'2026-01-24 16:00:27',0),(3,1,'VIP-A-03','VIP','A','03',0,0,30,10,'2026-01-24 16:00:27',0),(4,1,'VIP-A-04','VIP','A','04',0,0,40,10,'2026-01-24 16:00:27',0),(5,1,'VIP-A-05','VIP','A','05',0,0,50,10,'2026-01-24 16:00:27',0),(6,1,'VIP-A-06','VIP','A','06',0,0,60,10,'2026-01-24 16:00:27',0),(7,1,'VIP-A-07','VIP','A','07',0,0,70,10,'2026-01-24 16:00:27',0),(8,1,'VIP-A-08','VIP','A','08',0,0,80,10,'2026-01-24 16:00:27',0),(9,1,'PREM-B-01','Premium','B','01',0,0,10,30,'2026-01-24 16:00:27',0),(10,1,'PREM-B-02','Premium','B','02',0,0,20,30,'2026-01-24 16:00:27',0),(11,1,'PREM-B-03','Premium','B','03',0,0,30,30,'2026-01-24 16:00:27',0),(12,1,'PREM-B-04','Premium','B','04',0,0,40,30,'2026-01-24 16:00:27',0),(13,1,'PREM-B-05','Premium','B','05',0,0,50,30,'2026-01-24 16:00:27',0),(14,1,'PREM-B-06','Premium','B','06',0,0,60,30,'2026-01-24 16:00:27',0),(15,1,'PREM-B-07','Premium','B','07',0,0,70,30,'2026-01-24 16:00:27',0),(16,1,'PREM-B-08','Premium','B','08',0,0,80,30,'2026-01-24 16:00:27',0),(17,1,'GEN-C-01','General','C','01',0,0,10,50,'2026-01-24 16:00:27',0),(18,1,'GEN-C-02','General','C','02',0,0,20,50,'2026-01-24 16:00:27',0),(19,1,'GEN-C-03','General','C','03',0,0,30,50,'2026-01-24 16:00:27',0),(20,1,'GEN-C-04','General','C','04',0,0,40,50,'2026-01-24 16:00:27',0),(21,1,'GEN-C-05','General','C','05',0,0,50,50,'2026-01-24 16:00:27',0),(22,1,'GEN-C-06','General','C','06',0,0,60,50,'2026-01-24 16:00:27',0),(23,1,'GEN-C-07','General','C','07',0,0,70,50,'2026-01-24 16:00:27',0),(24,1,'GEN-C-08','General','C','08',0,0,80,50,'2026-01-24 16:00:27',0),(25,3,'VIP-A-01','VIP','A','01',1,0,10,10,'2026-02-03 08:16:15',0),(26,3,'VIP-A-02','VIP','A','02',1,0,20,10,'2026-02-03 08:16:15',0),(27,3,'VIP-A-03','VIP','A','03',1,0,30,10,'2026-02-03 08:16:15',0),(28,3,'VIP-A-04','VIP','A','04',0,0,40,10,'2026-02-03 08:16:15',0),(29,3,'VIP-A-05','VIP','A','05',0,0,50,10,'2026-02-03 08:16:15',1),(30,3,'VIP-B-01','VIP','B','01',0,0,10,20,'2026-02-03 08:16:15',0),(31,3,'VIP-B-02','VIP','B','02',0,0,20,20,'2026-02-03 08:16:15',0),(32,3,'VIP-B-03','VIP','B','03',0,0,30,20,'2026-02-03 08:16:15',0),(33,3,'VIP-B-04','VIP','B','04',0,0,40,20,'2026-02-03 08:16:15',0),(34,3,'VIP-B-05','VIP','B','05',0,0,50,20,'2026-02-03 08:16:15',1),(35,3,'VIP-C-01','VIP','C','01',0,0,10,30,'2026-02-03 08:16:15',0),(36,3,'VIP-C-02','VIP','C','02',0,0,20,30,'2026-02-03 08:16:15',0),(37,3,'VIP-C-03','VIP','C','03',0,0,30,30,'2026-02-03 08:16:15',0),(38,3,'VIP-C-04','VIP','C','04',0,0,40,30,'2026-02-03 08:16:15',0),(39,3,'VIP-C-05','VIP','C','05',0,0,50,30,'2026-02-03 08:16:15',1),(40,3,'VIP-D-01','VIP','D','01',0,0,10,40,'2026-02-03 08:16:15',0),(41,3,'VIP-D-02','VIP','D','02',0,0,20,40,'2026-02-03 08:16:15',0),(42,3,'VIP-D-03','VIP','D','03',0,0,30,40,'2026-02-03 08:16:15',0),(43,3,'VIP-D-04','VIP','D','04',0,0,40,40,'2026-02-03 08:16:15',0),(44,3,'VIP-D-05','VIP','D','05',0,0,50,40,'2026-02-03 08:16:15',1),(45,3,'VIP-E-01','VIP','E','01',0,0,10,50,'2026-02-03 08:16:15',0),(46,3,'VIP-E-02','VIP','E','02',0,0,20,50,'2026-02-03 08:16:15',0),(47,3,'VIP-E-03','VIP','E','03',0,0,30,50,'2026-02-03 08:16:15',0),(48,3,'VIP-E-04','VIP','E','04',0,0,40,50,'2026-02-03 08:16:15',0),(49,3,'VIP-E-05','VIP','E','05',0,0,50,50,'2026-02-03 08:16:15',1),(50,3,'General-A-01','General','A','01',1,0,90,10,'2026-02-03 08:16:15',0),(51,3,'General-A-02','General','A','02',1,0,100,10,'2026-02-03 08:16:15',0),(52,3,'General-A-03','General','A','03',1,0,110,10,'2026-02-03 08:16:15',0),(53,3,'General-A-04','General','A','04',0,0,120,10,'2026-02-03 08:16:15',0),(54,3,'General-A-05','General','A','05',0,0,130,10,'2026-02-03 08:16:15',0),(55,3,'General-A-06','General','A','06',0,0,140,10,'2026-02-03 08:16:15',0),(56,3,'General-A-07','General','A','07',0,0,150,10,'2026-02-03 08:16:15',0),(57,3,'General-A-08','General','A','08',1,0,160,10,'2026-02-03 08:16:15',0),(58,3,'General-A-09','General','A','09',1,0,170,10,'2026-02-03 08:16:15',0),(59,3,'General-A-10','General','A','10',1,0,180,10,'2026-02-03 08:16:15',0),(60,3,'General-B-01','General','B','01',0,0,90,20,'2026-02-03 08:16:15',0),(61,3,'General-B-02','General','B','02',0,0,100,20,'2026-02-03 08:16:15',0),(62,3,'General-B-03','General','B','03',0,0,110,20,'2026-02-03 08:16:15',0),(63,3,'General-B-04','General','B','04',0,0,120,20,'2026-02-03 08:16:15',0),(64,3,'General-B-05','General','B','05',0,0,130,20,'2026-02-03 08:16:15',0),(65,3,'General-B-06','General','B','06',0,0,140,20,'2026-02-03 08:16:15',0),(66,3,'General-B-07','General','B','07',0,0,150,20,'2026-02-03 08:16:15',0),(67,3,'General-B-08','General','B','08',0,0,160,20,'2026-02-03 08:16:15',0),(68,3,'General-B-09','General','B','09',0,0,170,20,'2026-02-03 08:16:15',0),(69,3,'General-B-10','General','B','10',0,0,180,20,'2026-02-03 08:16:15',0),(70,3,'General-C-01','General','C','01',0,0,90,30,'2026-02-03 08:16:15',0),(71,3,'General-C-02','General','C','02',0,0,100,30,'2026-02-03 08:16:15',0),(72,3,'General-C-03','General','C','03',0,0,110,30,'2026-02-03 08:16:15',0),(73,3,'General-C-04','General','C','04',0,0,120,30,'2026-02-03 08:16:15',0),(74,3,'General-C-05','General','C','05',0,0,130,30,'2026-02-03 08:16:15',0),(75,3,'General-C-06','General','C','06',0,0,140,30,'2026-02-03 08:16:15',0),(76,3,'General-C-07','General','C','07',0,0,150,30,'2026-02-03 08:16:15',0),(77,3,'General-C-08','General','C','08',0,0,160,30,'2026-02-03 08:16:15',0),(78,3,'General-C-09','General','C','09',0,0,170,30,'2026-02-03 08:16:15',0),(79,3,'General-C-10','General','C','10',0,0,180,30,'2026-02-03 08:16:15',0),(80,3,'General-D-01','General','D','01',0,0,90,40,'2026-02-03 08:16:15',0),(81,3,'General-D-02','General','D','02',0,0,100,40,'2026-02-03 08:16:15',0),(82,3,'General-D-03','General','D','03',0,0,110,40,'2026-02-03 08:16:15',0),(83,3,'General-D-04','General','D','04',0,0,120,40,'2026-02-03 08:16:15',0),(84,3,'General-D-05','General','D','05',0,0,130,40,'2026-02-03 08:16:15',0),(85,3,'General-D-06','General','D','06',0,0,140,40,'2026-02-03 08:16:15',0),(86,3,'General-D-07','General','D','07',0,0,150,40,'2026-02-03 08:16:15',0),(87,3,'General-D-08','General','D','08',0,0,160,40,'2026-02-03 08:16:15',0),(88,3,'General-D-09','General','D','09',0,0,170,40,'2026-02-03 08:16:15',0),(89,3,'General-D-10','General','D','10',0,0,180,40,'2026-02-03 08:16:15',0),(90,3,'General-E-01','General','E','01',0,0,90,50,'2026-02-03 08:16:15',0),(91,3,'General-E-02','General','E','02',0,0,100,50,'2026-02-03 08:16:15',0),(92,3,'General-E-03','General','E','03',0,0,110,50,'2026-02-03 08:16:15',0),(93,3,'General-E-04','General','E','04',0,0,120,50,'2026-02-03 08:16:15',0),(94,3,'General-E-05','General','E','05',0,0,130,50,'2026-02-03 08:16:15',0),(95,3,'General-E-06','General','E','06',0,0,140,50,'2026-02-03 08:16:15',0),(96,3,'General-E-07','General','E','07',0,0,150,50,'2026-02-03 08:16:15',0),(97,3,'General-E-08','General','E','08',0,0,160,50,'2026-02-03 08:16:15',0),(98,3,'General-E-09','General','E','09',0,0,170,50,'2026-02-03 08:16:15',0),(99,3,'General-E-10','General','E','10',0,0,180,50,'2026-02-03 08:16:15',0),(100,3,'General-F-01','General','F','01',0,0,90,60,'2026-02-03 08:16:15',0),(101,3,'General-F-02','General','F','02',0,0,100,60,'2026-02-03 08:16:15',0),(102,3,'General-F-03','General','F','03',0,0,110,60,'2026-02-03 08:16:15',0),(103,3,'General-F-04','General','F','04',0,0,120,60,'2026-02-03 08:16:15',0),(104,3,'General-F-05','General','F','05',0,0,130,60,'2026-02-03 08:16:15',0),(105,3,'General-F-06','General','F','06',0,0,140,60,'2026-02-03 08:16:15',0),(106,3,'General-F-07','General','F','07',0,0,150,60,'2026-02-03 08:16:15',0),(107,3,'General-F-08','General','F','08',0,0,160,60,'2026-02-03 08:16:15',0),(108,3,'General-F-09','General','F','09',0,0,170,60,'2026-02-03 08:16:15',0),(109,3,'General-F-10','General','F','10',0,0,180,60,'2026-02-03 08:16:15',0),(110,3,'General-G-01','General','G','01',0,0,90,70,'2026-02-03 08:16:15',0),(111,3,'General-G-02','General','G','02',0,0,100,70,'2026-02-03 08:16:15',0),(112,3,'General-G-03','General','G','03',0,0,110,70,'2026-02-03 08:16:15',0),(113,3,'General-G-04','General','G','04',0,0,120,70,'2026-02-03 08:16:15',0),(114,3,'General-G-05','General','G','05',0,0,130,70,'2026-02-03 08:16:15',0),(115,3,'General-G-06','General','G','06',0,0,140,70,'2026-02-03 08:16:15',0),(116,3,'General-G-07','General','G','07',0,0,150,70,'2026-02-03 08:16:15',0),(117,3,'General-G-08','General','G','08',0,0,160,70,'2026-02-03 08:16:15',0),(118,3,'General-G-09','General','G','09',0,0,170,70,'2026-02-03 08:16:15',0),(119,3,'General-G-10','General','G','10',0,0,180,70,'2026-02-03 08:16:15',0),(120,3,'General-H-01','General','H','01',0,0,90,80,'2026-02-03 08:16:15',0),(121,3,'General-H-02','General','H','02',0,0,100,80,'2026-02-03 08:16:15',0),(122,3,'General-H-03','General','H','03',0,0,110,80,'2026-02-03 08:16:15',0),(123,3,'General-H-04','General','H','04',0,0,120,80,'2026-02-03 08:16:15',0),(124,3,'General-H-05','General','H','05',0,0,130,80,'2026-02-03 08:16:15',0),(125,3,'General-H-06','General','H','06',0,0,140,80,'2026-02-03 08:16:15',0),(126,3,'General-H-07','General','H','07',0,0,150,80,'2026-02-03 08:16:15',0),(127,3,'General-H-08','General','H','08',0,0,160,80,'2026-02-03 08:16:15',0),(128,3,'General-H-09','General','H','09',0,0,170,80,'2026-02-03 08:16:15',0),(129,3,'General-H-10','General','H','10',0,0,180,80,'2026-02-03 08:16:15',0),(130,3,'General-I-01','General','I','01',0,0,90,90,'2026-02-03 08:16:15',0),(131,3,'General-I-02','General','I','02',0,0,100,90,'2026-02-03 08:16:15',0),(132,3,'General-I-03','General','I','03',0,0,110,90,'2026-02-03 08:16:15',0),(133,3,'General-I-04','General','I','04',0,0,120,90,'2026-02-03 08:16:15',0),(134,3,'General-I-05','General','I','05',0,0,130,90,'2026-02-03 08:16:15',0),(135,3,'General-I-06','General','I','06',0,0,140,90,'2026-02-03 08:16:15',0),(136,3,'General-I-07','General','I','07',0,0,150,90,'2026-02-03 08:16:15',0),(137,3,'General-I-08','General','I','08',0,0,160,90,'2026-02-03 08:16:15',0),(138,3,'General-I-09','General','I','09',0,0,170,90,'2026-02-03 08:16:15',0),(139,3,'General-I-10','General','I','10',0,0,180,90,'2026-02-03 08:16:15',0),(140,3,'General-J-01','General','J','01',0,0,90,100,'2026-02-03 08:16:15',0),(141,3,'General-J-02','General','J','02',0,0,100,100,'2026-02-03 08:16:15',0),(142,3,'General-J-03','General','J','03',0,0,110,100,'2026-02-03 08:16:15',0),(143,3,'General-J-04','General','J','04',0,0,120,100,'2026-02-03 08:16:15',0),(144,3,'General-J-05','General','J','05',0,0,130,100,'2026-02-03 08:16:15',0),(145,3,'General-J-06','General','J','06',0,0,140,100,'2026-02-03 08:16:15',0),(146,3,'General-J-07','General','J','07',0,0,150,100,'2026-02-03 08:16:15',0),(147,3,'General-J-08','General','J','08',0,0,160,100,'2026-02-03 08:16:15',0),(148,3,'General-J-09','General','J','09',0,0,170,100,'2026-02-03 08:16:15',0),(149,3,'General-J-10','General','J','10',0,0,180,100,'2026-02-03 08:16:15',0),(150,3,'General-K-01','General','K','01',0,0,90,110,'2026-02-03 08:16:15',0),(151,3,'General-K-02','General','K','02',0,0,100,110,'2026-02-03 08:16:15',0),(152,3,'General-K-03','General','K','03',0,0,110,110,'2026-02-03 08:16:15',0),(153,3,'General-K-04','General','K','04',0,0,120,110,'2026-02-03 08:16:15',0),(154,3,'General-K-05','General','K','05',0,0,130,110,'2026-02-03 08:16:15',0),(155,3,'General-K-06','General','K','06',0,0,140,110,'2026-02-03 08:16:15',0),(156,3,'General-K-07','General','K','07',0,0,150,110,'2026-02-03 08:16:15',0),(157,3,'General-K-08','General','K','08',0,0,160,110,'2026-02-03 08:16:15',0),(158,3,'General-K-09','General','K','09',0,0,170,110,'2026-02-03 08:16:15',0),(159,3,'General-K-10','General','K','10',0,0,180,110,'2026-02-03 08:16:15',0),(160,3,'General-L-01','General','L','01',0,0,90,120,'2026-02-03 08:16:15',0),(161,3,'General-L-02','General','L','02',0,0,100,120,'2026-02-03 08:16:15',0),(162,3,'General-L-03','General','L','03',0,0,110,120,'2026-02-03 08:16:15',0),(163,3,'General-L-04','General','L','04',0,0,120,120,'2026-02-03 08:16:15',0),(164,3,'General-L-05','General','L','05',0,0,130,120,'2026-02-03 08:16:15',0),(165,3,'General-L-06','General','L','06',0,0,140,120,'2026-02-03 08:16:15',0),(166,3,'General-L-07','General','L','07',0,0,150,120,'2026-02-03 08:16:15',0),(167,3,'General-L-08','General','L','08',0,0,160,120,'2026-02-03 08:16:15',0),(168,3,'General-L-09','General','L','09',0,0,170,120,'2026-02-03 08:16:15',0),(169,3,'General-L-10','General','L','10',0,0,180,120,'2026-02-03 08:16:15',0),(170,3,'General-M-01','General','M','01',0,0,90,130,'2026-02-03 08:16:15',0),(171,3,'General-M-02','General','M','02',0,0,100,130,'2026-02-03 08:16:15',0),(172,3,'General-M-03','General','M','03',0,0,110,130,'2026-02-03 08:16:15',0),(173,3,'General-M-04','General','M','04',0,0,120,130,'2026-02-03 08:16:15',0),(174,3,'General-M-05','General','M','05',0,0,130,130,'2026-02-03 08:16:15',0),(175,3,'General-M-06','General','M','06',0,0,140,130,'2026-02-03 08:16:15',0),(176,3,'General-M-07','General','M','07',0,0,150,130,'2026-02-03 08:16:15',0),(177,3,'General-M-08','General','M','08',0,0,160,130,'2026-02-03 08:16:15',0),(178,3,'General-M-09','General','M','09',0,0,170,130,'2026-02-03 08:16:15',0),(179,3,'General-M-10','General','M','10',0,0,180,130,'2026-02-03 08:16:15',0),(180,3,'General-N-01','General','N','01',0,0,90,140,'2026-02-03 08:16:15',0),(181,3,'General-N-02','General','N','02',0,0,100,140,'2026-02-03 08:16:15',0),(182,3,'General-N-03','General','N','03',0,0,110,140,'2026-02-03 08:16:15',0),(183,3,'General-N-04','General','N','04',0,0,120,140,'2026-02-03 08:16:15',0),(184,3,'General-N-05','General','N','05',0,0,130,140,'2026-02-03 08:16:15',0),(185,3,'General-N-06','General','N','06',0,0,140,140,'2026-02-03 08:16:15',0),(186,3,'General-N-07','General','N','07',0,0,150,140,'2026-02-03 08:16:15',0),(187,3,'General-N-08','General','N','08',0,0,160,140,'2026-02-03 08:16:15',0),(188,3,'General-N-09','General','N','09',0,0,170,140,'2026-02-03 08:16:15',0),(189,3,'General-N-10','General','N','10',0,0,180,140,'2026-02-03 08:16:15',0),(190,3,'General-O-01','General','O','01',0,0,90,150,'2026-02-03 08:16:15',0),(191,3,'General-O-02','General','O','02',0,0,100,150,'2026-02-03 08:16:15',0),(192,3,'General-O-03','General','O','03',0,0,110,150,'2026-02-03 08:16:15',0),(193,3,'General-O-04','General','O','04',0,0,120,150,'2026-02-03 08:16:15',0),(194,3,'General-O-05','General','O','05',0,0,130,150,'2026-02-03 08:16:15',0),(195,3,'General-O-06','General','O','06',0,0,140,150,'2026-02-03 08:16:15',0),(196,3,'General-O-07','General','O','07',0,0,150,150,'2026-02-03 08:16:15',0),(197,3,'General-O-08','General','O','08',0,0,160,150,'2026-02-03 08:16:15',0),(198,3,'General-O-09','General','O','09',0,0,170,150,'2026-02-03 08:16:15',0),(199,3,'General-O-10','General','O','10',0,0,180,150,'2026-02-03 08:16:15',0),(200,3,'General-P-01','General','P','01',0,0,90,160,'2026-02-03 08:16:15',0),(201,3,'General-P-02','General','P','02',0,0,100,160,'2026-02-03 08:16:15',0),(202,3,'General-P-03','General','P','03',0,0,110,160,'2026-02-03 08:16:15',0),(203,3,'General-P-04','General','P','04',0,0,120,160,'2026-02-03 08:16:15',0),(204,3,'General-P-05','General','P','05',0,0,130,160,'2026-02-03 08:16:15',0),(205,3,'General-P-06','General','P','06',0,0,140,160,'2026-02-03 08:16:15',0),(206,3,'General-P-07','General','P','07',0,0,150,160,'2026-02-03 08:16:15',0),(207,3,'General-P-08','General','P','08',0,0,160,160,'2026-02-03 08:16:15',0),(208,3,'General-P-09','General','P','09',0,0,170,160,'2026-02-03 08:16:15',0),(209,3,'General-P-10','General','P','10',0,0,180,160,'2026-02-03 08:16:15',0),(210,3,'General-Q-01','General','Q','01',0,0,90,170,'2026-02-03 08:16:15',0),(211,3,'General-Q-02','General','Q','02',0,0,100,170,'2026-02-03 08:16:15',0),(212,3,'General-Q-03','General','Q','03',0,0,110,170,'2026-02-03 08:16:15',0),(213,3,'General-Q-04','General','Q','04',0,0,120,170,'2026-02-03 08:16:15',0),(214,3,'General-Q-05','General','Q','05',0,0,130,170,'2026-02-03 08:16:15',0),(215,3,'General-Q-06','General','Q','06',0,0,140,170,'2026-02-03 08:16:15',0),(216,3,'General-Q-07','General','Q','07',0,0,150,170,'2026-02-03 08:16:15',0),(217,3,'General-Q-08','General','Q','08',0,0,160,170,'2026-02-03 08:16:15',0),(218,3,'General-Q-09','General','Q','09',0,0,170,170,'2026-02-03 08:16:15',0),(219,3,'General-Q-10','General','Q','10',0,0,180,170,'2026-02-03 08:16:15',0),(220,3,'General-R-01','General','R','01',0,0,90,180,'2026-02-03 08:16:15',0),(221,3,'General-R-02','General','R','02',0,0,100,180,'2026-02-03 08:16:15',0),(222,3,'General-R-03','General','R','03',0,0,110,180,'2026-02-03 08:16:15',0),(223,3,'General-R-04','General','R','04',0,0,120,180,'2026-02-03 08:16:15',0),(224,3,'General-R-05','General','R','05',0,0,130,180,'2026-02-03 08:16:15',0),(225,3,'General-R-06','General','R','06',0,0,140,180,'2026-02-03 08:16:15',0),(226,3,'General-R-07','General','R','07',0,0,150,180,'2026-02-03 08:16:15',0),(227,3,'General-R-08','General','R','08',0,0,160,180,'2026-02-03 08:16:15',0),(228,3,'General-R-09','General','R','09',0,0,170,180,'2026-02-03 08:16:15',0),(229,3,'General-R-10','General','R','10',0,0,180,180,'2026-02-03 08:16:15',0),(230,3,'General-S-01','General','S','01',0,0,90,190,'2026-02-03 08:16:15',0),(231,3,'General-S-02','General','S','02',0,0,100,190,'2026-02-03 08:16:15',0),(232,3,'General-S-03','General','S','03',0,0,110,190,'2026-02-03 08:16:15',0),(233,3,'General-S-04','General','S','04',0,0,120,190,'2026-02-03 08:16:15',0),(234,3,'General-S-05','General','S','05',0,0,130,190,'2026-02-03 08:16:15',0),(235,3,'General-S-06','General','S','06',0,0,140,190,'2026-02-03 08:16:15',0),(236,3,'General-S-07','General','S','07',0,0,150,190,'2026-02-03 08:16:15',0),(237,3,'General-S-08','General','S','08',0,0,160,190,'2026-02-03 08:16:15',0),(238,3,'General-S-09','General','S','09',0,0,170,190,'2026-02-03 08:16:15',0),(239,3,'General-S-10','General','S','10',0,0,180,190,'2026-02-03 08:16:15',0),(240,3,'General-T-01','General','T','01',0,0,90,200,'2026-02-03 08:16:15',0),(241,3,'General-T-02','General','T','02',0,0,100,200,'2026-02-03 08:16:15',0),(242,3,'General-T-03','General','T','03',0,0,110,200,'2026-02-03 08:16:15',0),(243,3,'General-T-04','General','T','04',0,0,120,200,'2026-02-03 08:16:15',0),(244,3,'General-T-05','General','T','05',0,0,130,200,'2026-02-03 08:16:15',0),(245,3,'General-T-06','General','T','06',0,0,140,200,'2026-02-03 08:16:15',0),(246,3,'General-T-07','General','T','07',0,0,150,200,'2026-02-03 08:16:15',0),(247,3,'General-T-08','General','T','08',0,0,160,200,'2026-02-03 08:16:15',0),(248,3,'General-T-09','General','T','09',0,0,170,200,'2026-02-03 08:16:15',0),(249,3,'General-T-10','General','T','10',0,0,180,200,'2026-02-03 08:16:15',0),(250,3,'General-U-01','General','U','01',0,0,90,210,'2026-02-03 08:16:15',0),(251,3,'General-U-02','General','U','02',0,0,100,210,'2026-02-03 08:16:15',0),(252,3,'General-U-03','General','U','03',0,0,110,210,'2026-02-03 08:16:15',0),(253,3,'General-U-04','General','U','04',0,0,120,210,'2026-02-03 08:16:15',0),(254,3,'General-U-05','General','U','05',0,0,130,210,'2026-02-03 08:16:15',0),(255,3,'General-U-06','General','U','06',0,0,140,210,'2026-02-03 08:16:15',0),(256,3,'General-U-07','General','U','07',0,0,150,210,'2026-02-03 08:16:15',0),(257,3,'General-U-08','General','U','08',0,0,160,210,'2026-02-03 08:16:15',0),(258,3,'General-U-09','General','U','09',0,0,170,210,'2026-02-03 08:16:15',0),(259,3,'General-U-10','General','U','10',0,0,180,210,'2026-02-03 08:16:15',0),(260,3,'General-V-01','General','V','01',0,0,90,220,'2026-02-03 08:16:15',0),(261,3,'General-V-02','General','V','02',0,0,100,220,'2026-02-03 08:16:15',0),(262,3,'General-V-03','General','V','03',0,0,110,220,'2026-02-03 08:16:15',0),(263,3,'General-V-04','General','V','04',0,0,120,220,'2026-02-03 08:16:15',0),(264,3,'General-V-05','General','V','05',0,0,130,220,'2026-02-03 08:16:15',0),(265,3,'General-V-06','General','V','06',0,0,140,220,'2026-02-03 08:16:15',0),(266,3,'General-V-07','General','V','07',0,0,150,220,'2026-02-03 08:16:15',0),(267,3,'General-V-08','General','V','08',0,0,160,220,'2026-02-03 08:16:15',0),(268,3,'General-V-09','General','V','09',0,0,170,220,'2026-02-03 08:16:15',0),(269,3,'General-V-10','General','V','10',0,0,180,220,'2026-02-03 08:16:15',0),(270,3,'General-W-01','General','W','01',0,0,90,230,'2026-02-03 08:16:15',0),(271,3,'General-W-02','General','W','02',0,0,100,230,'2026-02-03 08:16:15',0),(272,3,'General-W-03','General','W','03',0,0,110,230,'2026-02-03 08:16:15',0),(273,3,'General-W-04','General','W','04',0,0,120,230,'2026-02-03 08:16:15',0),(274,3,'General-W-05','General','W','05',0,0,130,230,'2026-02-03 08:16:15',0),(275,3,'General-W-06','General','W','06',0,0,140,230,'2026-02-03 08:16:15',0),(276,3,'General-W-07','General','W','07',0,0,150,230,'2026-02-03 08:16:15',0),(277,3,'General-W-08','General','W','08',0,0,160,230,'2026-02-03 08:16:15',0),(278,3,'General-W-09','General','W','09',0,0,170,230,'2026-02-03 08:16:15',0),(279,3,'General-W-10','General','W','10',0,0,180,230,'2026-02-03 08:16:15',0),(280,3,'General-X-01','General','X','01',0,0,90,240,'2026-02-03 08:16:15',0),(281,3,'General-X-02','General','X','02',0,0,100,240,'2026-02-03 08:16:15',0),(282,3,'General-X-03','General','X','03',0,0,110,240,'2026-02-03 08:16:15',0),(283,3,'General-X-04','General','X','04',0,0,120,240,'2026-02-03 08:16:15',0),(284,3,'General-X-05','General','X','05',0,0,130,240,'2026-02-03 08:16:15',0),(285,3,'General-X-06','General','X','06',0,0,140,240,'2026-02-03 08:16:15',0),(286,3,'General-X-07','General','X','07',0,0,150,240,'2026-02-03 08:16:15',0),(287,3,'General-X-08','General','X','08',0,0,160,240,'2026-02-03 08:16:15',0),(288,3,'General-X-09','General','X','09',0,0,170,240,'2026-02-03 08:16:15',0),(289,3,'General-X-10','General','X','10',0,0,180,240,'2026-02-03 08:16:15',0),(290,3,'General-Y-01','General','Y','01',0,0,90,250,'2026-02-03 08:16:15',0),(291,3,'General-Y-02','General','Y','02',0,0,100,250,'2026-02-03 08:16:15',0),(292,3,'General-Y-03','General','Y','03',0,0,110,250,'2026-02-03 08:16:15',0),(293,3,'General-Y-04','General','Y','04',0,0,120,250,'2026-02-03 08:16:15',0),(294,3,'General-Y-05','General','Y','05',0,0,130,250,'2026-02-03 08:16:15',0),(295,3,'General-Y-06','General','Y','06',0,0,140,250,'2026-02-03 08:16:15',0),(296,3,'General-Y-07','General','Y','07',0,0,150,250,'2026-02-03 08:16:15',0),(297,3,'General-Y-08','General','Y','08',0,0,160,250,'2026-02-03 08:16:15',0),(298,3,'General-Y-09','General','Y','09',0,0,170,250,'2026-02-03 08:16:15',0),(299,3,'General-Y-10','General','Y','10',0,0,180,250,'2026-02-03 08:16:15',0),(300,3,'General-Z-01','General','Z','01',0,0,90,260,'2026-02-03 08:16:15',0),(301,3,'General-Z-02','General','Z','02',0,0,100,260,'2026-02-03 08:16:15',0),(302,3,'General-Z-03','General','Z','03',0,0,110,260,'2026-02-03 08:16:15',0),(303,3,'General-Z-04','General','Z','04',0,0,120,260,'2026-02-03 08:16:15',0),(304,3,'General-Z-05','General','Z','05',0,0,130,260,'2026-02-03 08:16:15',0),(305,3,'General-Z-06','General','Z','06',0,0,140,260,'2026-02-03 08:16:15',0),(306,3,'General-Z-07','General','Z','07',0,0,150,260,'2026-02-03 08:16:15',0),(307,3,'General-Z-08','General','Z','08',0,0,160,260,'2026-02-03 08:16:15',0),(308,3,'General-Z-09','General','Z','09',0,0,170,260,'2026-02-03 08:16:15',0),(309,3,'General-Z-10','General','Z','10',0,0,180,260,'2026-02-03 08:16:15',0),(310,3,'General-AA-01','General','AA','01',0,0,90,270,'2026-02-03 08:16:15',0),(311,3,'General-AA-02','General','AA','02',0,0,100,270,'2026-02-03 08:16:15',0),(312,3,'General-AA-03','General','AA','03',0,0,110,270,'2026-02-03 08:16:15',0),(313,3,'General-AA-04','General','AA','04',0,0,120,270,'2026-02-03 08:16:15',0),(314,3,'General-AA-05','General','AA','05',0,0,130,270,'2026-02-03 08:16:15',0),(315,3,'General-AA-06','General','AA','06',0,0,140,270,'2026-02-03 08:16:15',0),(316,3,'General-AA-07','General','AA','07',0,0,150,270,'2026-02-03 08:16:15',0),(317,3,'General-AA-08','General','AA','08',0,0,160,270,'2026-02-03 08:16:15',0),(318,3,'General-AA-09','General','AA','09',0,0,170,270,'2026-02-03 08:16:15',0),(319,3,'General-AA-10','General','AA','10',0,0,180,270,'2026-02-03 08:16:15',0),(320,3,'General-AB-01','General','AB','01',0,0,90,280,'2026-02-03 08:16:15',0),(321,3,'General-AB-02','General','AB','02',0,0,100,280,'2026-02-03 08:16:15',0),(322,3,'General-AB-03','General','AB','03',0,0,110,280,'2026-02-03 08:16:15',0),(323,3,'General-AB-04','General','AB','04',0,0,120,280,'2026-02-03 08:16:15',0),(324,3,'General-AB-05','General','AB','05',0,0,130,280,'2026-02-03 08:16:15',0),(325,3,'General-AB-06','General','AB','06',0,0,140,280,'2026-02-03 08:16:15',0),(326,3,'General-AB-07','General','AB','07',0,0,150,280,'2026-02-03 08:16:15',0),(327,3,'General-AB-08','General','AB','08',0,0,160,280,'2026-02-03 08:16:15',0),(328,3,'General-AB-09','General','AB','09',0,0,170,280,'2026-02-03 08:16:15',0),(329,3,'General-AB-10','General','AB','10',0,0,180,280,'2026-02-03 08:16:15',0),(330,3,'General-AC-01','General','AC','01',0,0,90,290,'2026-02-03 08:16:15',0),(331,3,'General-AC-02','General','AC','02',0,0,100,290,'2026-02-03 08:16:15',0),(332,3,'General-AC-03','General','AC','03',0,0,110,290,'2026-02-03 08:16:15',0),(333,3,'General-AC-04','General','AC','04',0,0,120,290,'2026-02-03 08:16:15',0),(334,3,'General-AC-05','General','AC','05',0,0,130,290,'2026-02-03 08:16:15',0),(335,3,'General-AC-06','General','AC','06',0,0,140,290,'2026-02-03 08:16:15',0),(336,3,'General-AC-07','General','AC','07',0,0,150,290,'2026-02-03 08:16:15',0),(337,3,'General-AC-08','General','AC','08',0,0,160,290,'2026-02-03 08:16:15',0),(338,3,'General-AC-09','General','AC','09',0,0,170,290,'2026-02-03 08:16:15',0),(339,3,'General-AC-10','General','AC','10',0,0,180,290,'2026-02-03 08:16:15',0),(340,3,'General-AD-01','General','AD','01',0,0,90,300,'2026-02-03 08:16:15',0),(341,3,'General-AD-02','General','AD','02',0,0,100,300,'2026-02-03 08:16:15',0),(342,3,'General-AD-03','General','AD','03',0,0,110,300,'2026-02-03 08:16:15',0),(343,3,'General-AD-04','General','AD','04',0,0,120,300,'2026-02-03 08:16:15',0),(344,3,'General-AD-05','General','AD','05',0,0,130,300,'2026-02-03 08:16:15',0),(345,3,'General-AD-06','General','AD','06',0,0,140,300,'2026-02-03 08:16:15',0),(346,3,'General-AD-07','General','AD','07',0,0,150,300,'2026-02-03 08:16:15',0),(347,3,'General-AD-08','General','AD','08',0,0,160,300,'2026-02-03 08:16:15',0),(348,3,'General-AD-09','General','AD','09',0,0,170,300,'2026-02-03 08:16:15',0),(349,3,'General-AD-10','General','AD','10',0,0,180,300,'2026-02-03 08:16:15',0),(350,3,'General-AE-01','General','AE','01',0,0,90,310,'2026-02-03 08:16:15',0),(351,3,'General-AE-02','General','AE','02',0,0,100,310,'2026-02-03 08:16:15',0),(352,3,'General-AE-03','General','AE','03',0,0,110,310,'2026-02-03 08:16:15',0),(353,3,'General-AE-04','General','AE','04',0,0,120,310,'2026-02-03 08:16:15',0),(354,3,'General-AE-05','General','AE','05',0,0,130,310,'2026-02-03 08:16:15',0),(355,3,'General-AE-06','General','AE','06',0,0,140,310,'2026-02-03 08:16:15',0),(356,3,'General-AE-07','General','AE','07',0,0,150,310,'2026-02-03 08:16:15',0),(357,3,'General-AE-08','General','AE','08',0,0,160,310,'2026-02-03 08:16:15',0),(358,3,'General-AE-09','General','AE','09',0,0,170,310,'2026-02-03 08:16:15',0),(359,3,'General-AE-10','General','AE','10',0,0,180,310,'2026-02-03 08:16:15',0),(360,3,'General-AF-01','General','AF','01',0,0,90,320,'2026-02-03 08:16:15',0),(361,3,'General-AF-02','General','AF','02',0,0,100,320,'2026-02-03 08:16:15',0),(362,3,'General-AF-03','General','AF','03',0,0,110,320,'2026-02-03 08:16:15',0),(363,3,'General-AF-04','General','AF','04',0,0,120,320,'2026-02-03 08:16:15',0),(364,3,'General-AF-05','General','AF','05',0,0,130,320,'2026-02-03 08:16:15',0),(365,3,'General-AF-06','General','AF','06',0,0,140,320,'2026-02-03 08:16:15',0),(366,3,'General-AF-07','General','AF','07',0,0,150,320,'2026-02-03 08:16:15',0),(367,3,'General-AF-08','General','AF','08',0,0,160,320,'2026-02-03 08:16:15',0),(368,3,'General-AF-09','General','AF','09',0,0,170,320,'2026-02-03 08:16:15',0),(369,3,'General-AF-10','General','AF','10',0,0,180,320,'2026-02-03 08:16:15',0),(370,3,'General-AG-01','General','AG','01',0,0,90,330,'2026-02-03 08:16:15',0),(371,3,'General-AG-02','General','AG','02',0,0,100,330,'2026-02-03 08:16:15',0),(372,3,'General-AG-03','General','AG','03',0,0,110,330,'2026-02-03 08:16:15',0),(373,3,'General-AG-04','General','AG','04',0,0,120,330,'2026-02-03 08:16:15',0),(374,3,'General-AG-05','General','AG','05',0,0,130,330,'2026-02-03 08:16:15',0),(375,3,'General-AG-06','General','AG','06',0,0,140,330,'2026-02-03 08:16:15',0),(376,3,'General-AG-07','General','AG','07',0,0,150,330,'2026-02-03 08:16:15',0),(377,3,'General-AG-08','General','AG','08',0,0,160,330,'2026-02-03 08:16:15',0),(378,3,'General-AG-09','General','AG','09',0,0,170,330,'2026-02-03 08:16:15',0),(379,3,'General-AG-10','General','AG','10',0,0,180,330,'2026-02-03 08:16:15',0),(380,3,'General-AH-01','General','AH','01',0,0,90,340,'2026-02-03 08:16:15',0),(381,3,'General-AH-02','General','AH','02',0,0,100,340,'2026-02-03 08:16:15',0),(382,3,'General-AH-03','General','AH','03',0,0,110,340,'2026-02-03 08:16:15',0),(383,3,'General-AH-04','General','AH','04',0,0,120,340,'2026-02-03 08:16:15',0),(384,3,'General-AH-05','General','AH','05',0,0,130,340,'2026-02-03 08:16:15',0),(385,3,'General-AH-06','General','AH','06',0,0,140,340,'2026-02-03 08:16:15',0),(386,3,'General-AH-07','General','AH','07',0,0,150,340,'2026-02-03 08:16:15',0),(387,3,'General-AH-08','General','AH','08',0,0,160,340,'2026-02-03 08:16:15',0),(388,3,'General-AH-09','General','AH','09',0,0,170,340,'2026-02-03 08:16:15',0),(389,3,'General-AH-10','General','AH','10',0,0,180,340,'2026-02-03 08:16:15',0),(390,3,'General-AI-01','General','AI','01',0,0,90,350,'2026-02-03 08:16:15',0),(391,3,'General-AI-02','General','AI','02',0,0,100,350,'2026-02-03 08:16:15',0),(392,3,'General-AI-03','General','AI','03',0,0,110,350,'2026-02-03 08:16:15',0),(393,3,'General-AI-04','General','AI','04',0,0,120,350,'2026-02-03 08:16:15',0),(394,3,'General-AI-05','General','AI','05',0,0,130,350,'2026-02-03 08:16:15',0),(395,3,'General-AI-06','General','AI','06',0,0,140,350,'2026-02-03 08:16:15',0),(396,3,'General-AI-07','General','AI','07',0,0,150,350,'2026-02-03 08:16:15',0),(397,3,'General-AI-08','General','AI','08',0,0,160,350,'2026-02-03 08:16:15',0),(398,3,'General-AI-09','General','AI','09',0,0,170,350,'2026-02-03 08:16:15',0),(399,3,'General-AI-10','General','AI','10',0,0,180,350,'2026-02-03 08:16:15',0),(400,3,'General-AJ-01','General','AJ','01',0,0,90,360,'2026-02-03 08:16:15',0),(401,3,'General-AJ-02','General','AJ','02',0,0,100,360,'2026-02-03 08:16:15',0),(402,3,'General-AJ-03','General','AJ','03',0,0,110,360,'2026-02-03 08:16:15',0),(403,3,'General-AJ-04','General','AJ','04',0,0,120,360,'2026-02-03 08:16:15',0),(404,3,'General-AJ-05','General','AJ','05',0,0,130,360,'2026-02-03 08:16:15',0),(405,3,'General-AJ-06','General','AJ','06',0,0,140,360,'2026-02-03 08:16:15',0),(406,3,'General-AJ-07','General','AJ','07',0,0,150,360,'2026-02-03 08:16:15',0),(407,3,'General-AJ-08','General','AJ','08',0,0,160,360,'2026-02-03 08:16:15',0),(408,3,'General-AJ-09','General','AJ','09',0,0,170,360,'2026-02-03 08:16:15',0),(409,3,'General-AJ-10','General','AJ','10',0,0,180,360,'2026-02-03 08:16:15',0),(410,3,'General-AK-01','General','AK','01',0,0,90,370,'2026-02-03 08:16:15',0),(411,3,'General-AK-02','General','AK','02',0,0,100,370,'2026-02-03 08:16:15',0),(412,3,'General-AK-03','General','AK','03',0,0,110,370,'2026-02-03 08:16:15',0),(413,3,'General-AK-04','General','AK','04',0,0,120,370,'2026-02-03 08:16:15',0),(414,3,'General-AK-05','General','AK','05',0,0,130,370,'2026-02-03 08:16:15',0),(415,3,'General-AK-06','General','AK','06',0,0,140,370,'2026-02-03 08:16:15',0),(416,3,'General-AK-07','General','AK','07',0,0,150,370,'2026-02-03 08:16:15',0),(417,3,'General-AK-08','General','AK','08',0,0,160,370,'2026-02-03 08:16:15',0),(418,3,'General-AK-09','General','AK','09',0,0,170,370,'2026-02-03 08:16:15',0),(419,3,'General-AK-10','General','AK','10',0,0,180,370,'2026-02-03 08:16:15',0),(420,3,'General-AL-01','General','AL','01',0,0,90,380,'2026-02-03 08:16:15',0),(421,3,'General-AL-02','General','AL','02',0,0,100,380,'2026-02-03 08:16:15',0),(422,3,'General-AL-03','General','AL','03',0,0,110,380,'2026-02-03 08:16:15',0),(423,3,'General-AL-04','General','AL','04',0,0,120,380,'2026-02-03 08:16:15',0),(424,3,'General-AL-05','General','AL','05',0,0,130,380,'2026-02-03 08:16:15',0),(425,3,'General-AL-06','General','AL','06',0,0,140,380,'2026-02-03 08:16:15',0),(426,3,'General-AL-07','General','AL','07',0,0,150,380,'2026-02-03 08:16:15',0),(427,3,'General-AL-08','General','AL','08',0,0,160,380,'2026-02-03 08:16:15',0),(428,3,'General-AL-09','General','AL','09',0,0,170,380,'2026-02-03 08:16:15',0),(429,3,'General-AL-10','General','AL','10',0,0,180,380,'2026-02-03 08:16:15',0),(430,3,'General-AM-01','General','AM','01',0,0,90,390,'2026-02-03 08:16:15',0),(431,3,'General-AM-02','General','AM','02',0,0,100,390,'2026-02-03 08:16:15',0),(432,3,'General-AM-03','General','AM','03',0,0,110,390,'2026-02-03 08:16:15',0),(433,3,'General-AM-04','General','AM','04',0,0,120,390,'2026-02-03 08:16:15',0),(434,3,'General-AM-05','General','AM','05',0,0,130,390,'2026-02-03 08:16:15',0),(435,3,'General-AM-06','General','AM','06',0,0,140,390,'2026-02-03 08:16:15',0),(436,3,'General-AM-07','General','AM','07',0,0,150,390,'2026-02-03 08:16:15',0),(437,3,'General-AM-08','General','AM','08',0,0,160,390,'2026-02-03 08:16:15',0),(438,3,'General-AM-09','General','AM','09',0,0,170,390,'2026-02-03 08:16:15',0),(439,3,'General-AM-10','General','AM','10',0,0,180,390,'2026-02-03 08:16:15',0),(440,3,'General-AN-01','General','AN','01',0,0,90,400,'2026-02-03 08:16:15',0),(441,3,'General-AN-02','General','AN','02',0,0,100,400,'2026-02-03 08:16:15',0),(442,3,'General-AN-03','General','AN','03',0,0,110,400,'2026-02-03 08:16:15',0),(443,3,'General-AN-04','General','AN','04',0,0,120,400,'2026-02-03 08:16:15',0),(444,3,'General-AN-05','General','AN','05',0,0,130,400,'2026-02-03 08:16:15',0),(445,3,'General-AN-06','General','AN','06',0,0,140,400,'2026-02-03 08:16:15',0),(446,3,'General-AN-07','General','AN','07',0,0,150,400,'2026-02-03 08:16:15',0),(447,3,'General-AN-08','General','AN','08',0,0,160,400,'2026-02-03 08:16:15',0),(448,3,'General-AN-09','General','AN','09',0,0,170,400,'2026-02-03 08:16:15',0),(449,3,'General-AN-10','General','AN','10',0,0,180,400,'2026-02-03 08:16:15',0),(450,3,'General-AO-01','General','AO','01',0,0,90,410,'2026-02-03 08:16:15',0),(451,3,'General-AO-02','General','AO','02',0,0,100,410,'2026-02-03 08:16:15',0),(452,3,'General-AO-03','General','AO','03',0,0,110,410,'2026-02-03 08:16:15',0),(453,3,'General-AO-04','General','AO','04',0,0,120,410,'2026-02-03 08:16:15',0),(454,3,'General-AO-05','General','AO','05',0,0,130,410,'2026-02-03 08:16:15',0),(455,3,'General-AO-06','General','AO','06',0,0,140,410,'2026-02-03 08:16:15',0),(456,3,'General-AO-07','General','AO','07',0,0,150,410,'2026-02-03 08:16:15',0),(457,3,'General-AO-08','General','AO','08',0,0,160,410,'2026-02-03 08:16:15',0),(458,3,'General-AO-09','General','AO','09',0,0,170,410,'2026-02-03 08:16:15',0),(459,3,'General-AO-10','General','AO','10',0,0,180,410,'2026-02-03 08:16:15',0),(460,3,'General-AP-01','General','AP','01',0,0,90,420,'2026-02-03 08:16:15',0),(461,3,'General-AP-02','General','AP','02',0,0,100,420,'2026-02-03 08:16:15',0),(462,3,'General-AP-03','General','AP','03',0,0,110,420,'2026-02-03 08:16:15',0),(463,3,'General-AP-04','General','AP','04',0,0,120,420,'2026-02-03 08:16:15',0),(464,3,'General-AP-05','General','AP','05',0,0,130,420,'2026-02-03 08:16:15',0),(465,3,'General-AP-06','General','AP','06',0,0,140,420,'2026-02-03 08:16:15',0),(466,3,'General-AP-07','General','AP','07',0,0,150,420,'2026-02-03 08:16:15',0),(467,3,'General-AP-08','General','AP','08',0,0,160,420,'2026-02-03 08:16:15',0),(468,3,'General-AP-09','General','AP','09',0,0,170,420,'2026-02-03 08:16:15',0),(469,3,'General-AP-10','General','AP','10',0,0,180,420,'2026-02-03 08:16:15',0),(470,3,'General-AQ-01','General','AQ','01',0,0,90,430,'2026-02-03 08:16:15',0),(471,3,'General-AQ-02','General','AQ','02',0,0,100,430,'2026-02-03 08:16:15',0),(472,3,'General-AQ-03','General','AQ','03',0,0,110,430,'2026-02-03 08:16:15',0),(473,3,'General-AQ-04','General','AQ','04',0,0,120,430,'2026-02-03 08:16:15',0),(474,3,'General-AQ-05','General','AQ','05',0,0,130,430,'2026-02-03 08:16:15',0),(475,3,'General-AQ-06','General','AQ','06',0,0,140,430,'2026-02-03 08:16:15',0),(476,3,'General-AQ-07','General','AQ','07',0,0,150,430,'2026-02-03 08:16:15',0),(477,3,'General-AQ-08','General','AQ','08',0,0,160,430,'2026-02-03 08:16:15',0),(478,3,'General-AQ-09','General','AQ','09',0,0,170,430,'2026-02-03 08:16:15',0),(479,3,'General-AQ-10','General','AQ','10',0,0,180,430,'2026-02-03 08:16:15',0),(480,3,'General-AR-01','General','AR','01',0,0,90,440,'2026-02-03 08:16:15',0),(481,3,'General-AR-02','General','AR','02',0,0,100,440,'2026-02-03 08:16:15',0),(482,3,'General-AR-03','General','AR','03',0,0,110,440,'2026-02-03 08:16:15',0),(483,3,'General-AR-04','General','AR','04',0,0,120,440,'2026-02-03 08:16:15',0),(484,3,'General-AR-05','General','AR','05',0,0,130,440,'2026-02-03 08:16:15',0),(485,3,'General-AR-06','General','AR','06',0,0,140,440,'2026-02-03 08:16:15',0),(486,3,'General-AR-07','General','AR','07',0,0,150,440,'2026-02-03 08:16:15',0),(487,3,'General-AR-08','General','AR','08',0,0,160,440,'2026-02-03 08:16:15',0),(488,3,'General-AR-09','General','AR','09',0,0,170,440,'2026-02-03 08:16:15',0),(489,3,'General-AR-10','General','AR','10',0,0,180,440,'2026-02-03 08:16:15',0),(490,3,'General-AS-01','General','AS','01',0,0,90,450,'2026-02-03 08:16:15',0),(491,3,'General-AS-02','General','AS','02',0,0,100,450,'2026-02-03 08:16:15',0),(492,3,'General-AS-03','General','AS','03',0,0,110,450,'2026-02-03 08:16:15',0),(493,3,'General-AS-04','General','AS','04',0,0,120,450,'2026-02-03 08:16:15',0),(494,3,'General-AS-05','General','AS','05',0,0,130,450,'2026-02-03 08:16:15',0),(495,3,'General-AS-06','General','AS','06',0,0,140,450,'2026-02-03 08:16:15',0),(496,3,'General-AS-07','General','AS','07',0,0,150,450,'2026-02-03 08:16:15',0),(497,3,'General-AS-08','General','AS','08',0,0,160,450,'2026-02-03 08:16:15',0),(498,3,'General-AS-09','General','AS','09',0,0,170,450,'2026-02-03 08:16:15',0),(499,3,'General-AS-10','General','AS','10',0,0,180,450,'2026-02-03 08:16:15',0),(500,3,'General-AT-01','General','AT','01',0,0,90,460,'2026-02-03 08:16:15',0),(501,3,'General-AT-02','General','AT','02',0,0,100,460,'2026-02-03 08:16:15',0),(502,3,'General-AT-03','General','AT','03',0,0,110,460,'2026-02-03 08:16:15',0),(503,3,'General-AT-04','General','AT','04',0,0,120,460,'2026-02-03 08:16:15',0),(504,3,'General-AT-05','General','AT','05',0,0,130,460,'2026-02-03 08:16:15',0),(505,3,'General-AT-06','General','AT','06',0,0,140,460,'2026-02-03 08:16:15',0),(506,3,'General-AT-07','General','AT','07',0,0,150,460,'2026-02-03 08:16:15',0),(507,3,'General-AT-08','General','AT','08',0,0,160,460,'2026-02-03 08:16:15',0),(508,3,'General-AT-09','General','AT','09',0,0,170,460,'2026-02-03 08:16:15',0),(509,3,'General-AT-10','General','AT','10',0,0,180,460,'2026-02-03 08:16:15',0),(510,3,'General-AU-01','General','AU','01',0,0,90,470,'2026-02-03 08:16:15',0),(511,3,'General-AU-02','General','AU','02',0,0,100,470,'2026-02-03 08:16:15',0),(512,3,'General-AU-03','General','AU','03',0,0,110,470,'2026-02-03 08:16:15',0),(513,3,'General-AU-04','General','AU','04',0,0,120,470,'2026-02-03 08:16:15',0),(514,3,'General-AU-05','General','AU','05',0,0,130,470,'2026-02-03 08:16:15',0),(515,3,'General-AU-06','General','AU','06',0,0,140,470,'2026-02-03 08:16:15',0),(516,3,'General-AU-07','General','AU','07',0,0,150,470,'2026-02-03 08:16:15',0),(517,3,'General-AU-08','General','AU','08',0,0,160,470,'2026-02-03 08:16:15',0),(518,3,'General-AU-09','General','AU','09',0,0,170,470,'2026-02-03 08:16:15',0),(519,3,'General-AU-10','General','AU','10',0,0,180,470,'2026-02-03 08:16:15',0),(520,3,'General-AV-01','General','AV','01',0,0,90,480,'2026-02-03 08:16:15',0),(521,3,'General-AV-02','General','AV','02',0,0,100,480,'2026-02-03 08:16:15',0),(522,3,'General-AV-03','General','AV','03',0,0,110,480,'2026-02-03 08:16:15',0),(523,3,'General-AV-04','General','AV','04',0,0,120,480,'2026-02-03 08:16:15',0),(524,3,'General-AV-05','General','AV','05',0,0,130,480,'2026-02-03 08:16:15',0),(525,3,'General-AV-06','General','AV','06',0,0,140,480,'2026-02-03 08:16:15',0),(526,3,'General-AV-07','General','AV','07',0,0,150,480,'2026-02-03 08:16:15',0),(527,3,'General-AV-08','General','AV','08',0,0,160,480,'2026-02-03 08:16:15',0),(528,3,'General-AV-09','General','AV','09',0,0,170,480,'2026-02-03 08:16:15',0),(529,3,'General-AV-10','General','AV','10',0,0,180,480,'2026-02-03 08:16:15',0),(530,3,'General-AW-01','General','AW','01',0,0,90,490,'2026-02-03 08:16:15',0),(531,3,'General-AW-02','General','AW','02',0,0,100,490,'2026-02-03 08:16:15',0),(532,3,'General-AW-03','General','AW','03',0,0,110,490,'2026-02-03 08:16:15',0),(533,3,'General-AW-04','General','AW','04',0,0,120,490,'2026-02-03 08:16:15',0),(534,3,'General-AW-05','General','AW','05',0,0,130,490,'2026-02-03 08:16:15',0),(535,3,'General-AW-06','General','AW','06',0,0,140,490,'2026-02-03 08:16:15',0),(536,3,'General-AW-07','General','AW','07',0,0,150,490,'2026-02-03 08:16:15',0),(537,3,'General-AW-08','General','AW','08',0,0,160,490,'2026-02-03 08:16:15',0),(538,3,'General-AW-09','General','AW','09',0,0,170,490,'2026-02-03 08:16:15',0),(539,3,'General-AW-10','General','AW','10',0,0,180,490,'2026-02-03 08:16:15',0),(540,3,'General-AX-01','General','AX','01',0,0,90,500,'2026-02-03 08:16:15',0),(541,3,'General-AX-02','General','AX','02',0,0,100,500,'2026-02-03 08:16:15',0),(542,3,'General-AX-03','General','AX','03',0,0,110,500,'2026-02-03 08:16:15',0),(543,3,'General-AX-04','General','AX','04',0,0,120,500,'2026-02-03 08:16:15',0),(544,3,'General-AX-05','General','AX','05',0,0,130,500,'2026-02-03 08:16:15',0),(545,3,'General-AX-06','General','AX','06',0,0,140,500,'2026-02-03 08:16:15',0),(546,3,'General-AX-07','General','AX','07',0,0,150,500,'2026-02-03 08:16:15',0),(547,3,'General-AX-08','General','AX','08',0,0,160,500,'2026-02-03 08:16:15',0),(548,3,'General-AX-09','General','AX','09',0,0,170,500,'2026-02-03 08:16:15',0),(549,3,'General-AX-10','General','AX','10',0,0,180,500,'2026-02-03 08:16:15',0),(550,4,'VIP-A-01','VIP','A','01',1,0,10,10,'2026-02-03 08:33:57',0),(551,4,'VIP-A-02','VIP','A','02',1,0,20,10,'2026-02-03 08:33:57',0),(552,4,'VIP-A-03','VIP','A','03',1,0,30,10,'2026-02-03 08:33:57',0),(553,4,'VIP-A-04','VIP','A','04',0,0,40,10,'2026-02-03 08:33:57',0),(554,4,'VIP-A-05','VIP','A','05',0,0,50,10,'2026-02-03 08:33:57',1),(555,4,'VIP-A-06','VIP','A','06',0,0,60,10,'2026-02-03 08:33:57',0),(556,4,'VIP-A-07','VIP','A','07',0,0,70,10,'2026-02-03 08:33:57',0),(557,4,'VIP-A-08','VIP','A','08',0,0,80,10,'2026-02-03 08:33:57',0),(558,4,'VIP-A-09','VIP','A','09',0,0,90,10,'2026-02-03 08:33:57',0),(559,4,'VIP-A-10','VIP','A','10',0,0,100,10,'2026-02-03 08:33:57',0),(560,4,'VIP-B-01','VIP','B','01',0,0,10,20,'2026-02-03 08:33:57',0),(561,4,'VIP-B-02','VIP','B','02',0,0,20,20,'2026-02-03 08:33:57',0),(562,4,'VIP-B-03','VIP','B','03',0,0,30,20,'2026-02-03 08:33:57',0),(563,4,'VIP-B-04','VIP','B','04',0,0,40,20,'2026-02-03 08:33:57',0),(564,4,'VIP-B-05','VIP','B','05',0,0,50,20,'2026-02-03 08:33:57',1),(565,4,'VIP-B-06','VIP','B','06',0,0,60,20,'2026-02-03 08:33:57',0),(566,4,'VIP-B-07','VIP','B','07',0,0,70,20,'2026-02-03 08:33:57',0),(567,4,'VIP-B-08','VIP','B','08',0,0,80,20,'2026-02-03 08:33:57',0),(568,4,'VIP-B-09','VIP','B','09',0,0,90,20,'2026-02-03 08:33:57',0),(569,4,'VIP-B-10','VIP','B','10',0,0,100,20,'2026-02-03 08:33:57',0),(570,4,'VIP-C-01','VIP','C','01',0,0,10,30,'2026-02-03 08:33:57',0),(571,4,'VIP-C-02','VIP','C','02',0,0,20,30,'2026-02-03 08:33:57',0),(572,4,'VIP-C-03','VIP','C','03',0,0,30,30,'2026-02-03 08:33:57',0),(573,4,'VIP-C-04','VIP','C','04',0,0,40,30,'2026-02-03 08:33:57',0),(574,4,'VIP-C-05','VIP','C','05',0,0,50,30,'2026-02-03 08:33:57',1),(575,4,'VIP-C-06','VIP','C','06',0,0,60,30,'2026-02-03 08:33:57',0),(576,4,'VIP-C-07','VIP','C','07',0,0,70,30,'2026-02-03 08:33:57',0),(577,4,'VIP-C-08','VIP','C','08',0,0,80,30,'2026-02-03 08:33:57',0),(578,4,'VIP-C-09','VIP','C','09',0,0,90,30,'2026-02-03 08:33:57',0),(579,4,'VIP-C-10','VIP','C','10',0,0,100,30,'2026-02-03 08:33:57',0),(580,4,'VIP-D-01','VIP','D','01',0,0,10,40,'2026-02-03 08:33:57',0),(581,4,'VIP-D-02','VIP','D','02',0,0,20,40,'2026-02-03 08:33:57',0),(582,4,'VIP-D-03','VIP','D','03',0,0,30,40,'2026-02-03 08:33:57',0),(583,4,'VIP-D-04','VIP','D','04',0,0,40,40,'2026-02-03 08:33:57',0),(584,4,'VIP-D-05','VIP','D','05',0,0,50,40,'2026-02-03 08:33:57',1),(585,4,'VIP-D-06','VIP','D','06',0,0,60,40,'2026-02-03 08:33:57',0),(586,4,'VIP-D-07','VIP','D','07',0,0,70,40,'2026-02-03 08:33:57',0),(587,4,'VIP-D-08','VIP','D','08',0,0,80,40,'2026-02-03 08:33:57',0),(588,4,'VIP-D-09','VIP','D','09',0,0,90,40,'2026-02-03 08:33:57',0),(589,4,'VIP-D-10','VIP','D','10',0,0,100,40,'2026-02-03 08:33:57',0),(590,4,'VIP-E-01','VIP','E','01',0,0,10,50,'2026-02-03 08:33:57',0),(591,4,'VIP-E-02','VIP','E','02',0,0,20,50,'2026-02-03 08:33:57',0),(592,4,'VIP-E-03','VIP','E','03',0,0,30,50,'2026-02-03 08:33:57',0),(593,4,'VIP-E-04','VIP','E','04',0,0,40,50,'2026-02-03 08:33:57',0),(594,4,'VIP-E-05','VIP','E','05',0,0,50,50,'2026-02-03 08:33:57',1),(595,4,'VIP-E-06','VIP','E','06',0,0,60,50,'2026-02-03 08:33:57',0),(596,4,'VIP-E-07','VIP','E','07',0,0,70,50,'2026-02-03 08:33:57',0),(597,4,'VIP-E-08','VIP','E','08',0,0,80,50,'2026-02-03 08:33:57',0),(598,4,'VIP-E-09','VIP','E','09',0,0,90,50,'2026-02-03 08:33:57',0),(599,4,'VIP-E-10','VIP','E','10',0,0,100,50,'2026-02-03 08:33:57',0),(600,4,'General-A-01','General','A','01',1,0,10,90,'2026-02-03 08:33:57',0),(601,4,'General-A-02','General','A','02',1,0,20,90,'2026-02-03 08:33:57',0),(602,4,'General-A-03','General','A','03',1,0,30,90,'2026-02-03 08:33:57',0),(603,4,'General-A-04','General','A','04',0,0,40,90,'2026-02-03 08:33:57',0),(604,4,'General-A-05','General','A','05',0,0,50,90,'2026-02-03 08:33:57',1),(605,4,'General-A-06','General','A','06',0,0,60,90,'2026-02-03 08:33:57',0),(606,4,'General-A-07','General','A','07',0,0,70,90,'2026-02-03 08:33:57',0),(607,4,'General-A-08','General','A','08',1,0,80,90,'2026-02-03 08:33:57',0),(608,4,'General-A-09','General','A','09',1,0,90,90,'2026-02-03 08:33:57',0),(609,4,'General-A-10','General','A','10',1,0,100,90,'2026-02-03 08:33:57',0),(610,4,'General-B-01','General','B','01',0,0,10,100,'2026-02-03 08:33:57',0),(611,4,'General-B-02','General','B','02',0,0,20,100,'2026-02-03 08:33:57',0),(612,4,'General-B-03','General','B','03',0,0,30,100,'2026-02-03 08:33:57',0),(613,4,'General-B-04','General','B','04',0,0,40,100,'2026-02-03 08:33:57',0),(614,4,'General-B-05','General','B','05',0,0,50,100,'2026-02-03 08:33:57',1),(615,4,'General-B-06','General','B','06',0,0,60,100,'2026-02-03 08:33:57',0),(616,4,'General-B-07','General','B','07',0,0,70,100,'2026-02-03 08:33:57',0),(617,4,'General-B-08','General','B','08',0,0,80,100,'2026-02-03 08:33:57',0),(618,4,'General-B-09','General','B','09',0,0,90,100,'2026-02-03 08:33:57',0),(619,4,'General-B-10','General','B','10',0,0,100,100,'2026-02-03 08:33:57',0),(620,4,'General-C-01','General','C','01',0,0,10,110,'2026-02-03 08:33:57',0),(621,4,'General-C-02','General','C','02',0,0,20,110,'2026-02-03 08:33:57',0),(622,4,'General-C-03','General','C','03',0,0,30,110,'2026-02-03 08:33:57',0),(623,4,'General-C-04','General','C','04',0,0,40,110,'2026-02-03 08:33:57',0),(624,4,'General-C-05','General','C','05',0,0,50,110,'2026-02-03 08:33:57',1),(625,4,'General-C-06','General','C','06',0,0,60,110,'2026-02-03 08:33:57',0),(626,4,'General-C-07','General','C','07',0,0,70,110,'2026-02-03 08:33:57',0),(627,4,'General-C-08','General','C','08',0,0,80,110,'2026-02-03 08:33:57',0),(628,4,'General-C-09','General','C','09',0,0,90,110,'2026-02-03 08:33:57',0),(629,4,'General-C-10','General','C','10',0,0,100,110,'2026-02-03 08:33:57',0),(630,4,'General-D-01','General','D','01',0,0,10,120,'2026-02-03 08:33:57',0),(631,4,'General-D-02','General','D','02',0,0,20,120,'2026-02-03 08:33:57',0),(632,4,'General-D-03','General','D','03',0,0,30,120,'2026-02-03 08:33:57',0),(633,4,'General-D-04','General','D','04',0,0,40,120,'2026-02-03 08:33:57',0),(634,4,'General-D-05','General','D','05',0,0,50,120,'2026-02-03 08:33:57',1),(635,4,'General-D-06','General','D','06',0,0,60,120,'2026-02-03 08:33:57',0),(636,4,'General-D-07','General','D','07',0,0,70,120,'2026-02-03 08:33:57',0),(637,4,'General-D-08','General','D','08',0,0,80,120,'2026-02-03 08:33:57',0),(638,4,'General-D-09','General','D','09',0,0,90,120,'2026-02-03 08:33:57',0),(639,4,'General-D-10','General','D','10',0,0,100,120,'2026-02-03 08:33:57',0),(640,4,'General-E-01','General','E','01',0,0,10,130,'2026-02-03 08:33:57',0),(641,4,'General-E-02','General','E','02',0,0,20,130,'2026-02-03 08:33:57',0),(642,4,'General-E-03','General','E','03',0,0,30,130,'2026-02-03 08:33:57',0),(643,4,'General-E-04','General','E','04',0,0,40,130,'2026-02-03 08:33:57',0),(644,4,'General-E-05','General','E','05',0,0,50,130,'2026-02-03 08:33:57',1),(645,4,'General-E-06','General','E','06',0,0,60,130,'2026-02-03 08:33:57',0),(646,4,'General-E-07','General','E','07',0,0,70,130,'2026-02-03 08:33:57',0),(647,4,'General-E-08','General','E','08',0,0,80,130,'2026-02-03 08:33:57',0),(648,4,'General-E-09','General','E','09',0,0,90,130,'2026-02-03 08:33:57',0),(649,4,'General-E-10','General','E','10',0,0,100,130,'2026-02-03 08:33:57',0),(650,4,'General-F-01','General','F','01',0,0,10,140,'2026-02-03 08:33:57',0),(651,4,'General-F-02','General','F','02',0,0,20,140,'2026-02-03 08:33:57',0),(652,4,'General-F-03','General','F','03',0,0,30,140,'2026-02-03 08:33:57',0),(653,4,'General-F-04','General','F','04',0,0,40,140,'2026-02-03 08:33:57',0),(654,4,'General-F-05','General','F','05',0,0,50,140,'2026-02-03 08:33:57',1),(655,4,'General-F-06','General','F','06',0,0,60,140,'2026-02-03 08:33:57',0),(656,4,'General-F-07','General','F','07',0,0,70,140,'2026-02-03 08:33:57',0),(657,4,'General-F-08','General','F','08',0,0,80,140,'2026-02-03 08:33:57',0),(658,4,'General-F-09','General','F','09',0,0,90,140,'2026-02-03 08:33:57',0),(659,4,'General-F-10','General','F','10',0,0,100,140,'2026-02-03 08:33:57',0),(660,4,'General-G-01','General','G','01',0,0,10,150,'2026-02-03 08:33:57',0),(661,4,'General-G-02','General','G','02',0,0,20,150,'2026-02-03 08:33:57',0),(662,4,'General-G-03','General','G','03',0,0,30,150,'2026-02-03 08:33:57',0),(663,4,'General-G-04','General','G','04',0,0,40,150,'2026-02-03 08:33:57',0),(664,4,'General-G-05','General','G','05',0,0,50,150,'2026-02-03 08:33:57',1),(665,4,'General-G-06','General','G','06',0,0,60,150,'2026-02-03 08:33:57',0),(666,4,'General-G-07','General','G','07',0,0,70,150,'2026-02-03 08:33:57',0),(667,4,'General-G-08','General','G','08',0,0,80,150,'2026-02-03 08:33:57',0),(668,4,'General-G-09','General','G','09',0,0,90,150,'2026-02-03 08:33:57',0),(669,4,'General-G-10','General','G','10',0,0,100,150,'2026-02-03 08:33:57',0),(670,4,'General-H-01','General','H','01',0,0,10,160,'2026-02-03 08:33:57',0),(671,4,'General-H-02','General','H','02',0,0,20,160,'2026-02-03 08:33:57',0),(672,4,'General-H-03','General','H','03',0,0,30,160,'2026-02-03 08:33:57',0),(673,4,'General-H-04','General','H','04',0,0,40,160,'2026-02-03 08:33:57',0),(674,4,'General-H-05','General','H','05',0,0,50,160,'2026-02-03 08:33:57',1),(675,4,'General-H-06','General','H','06',0,0,60,160,'2026-02-03 08:33:57',0),(676,4,'General-H-07','General','H','07',0,0,70,160,'2026-02-03 08:33:57',0),(677,4,'General-H-08','General','H','08',0,0,80,160,'2026-02-03 08:33:57',0),(678,4,'General-H-09','General','H','09',0,0,90,160,'2026-02-03 08:33:57',0),(679,4,'General-H-10','General','H','10',0,0,100,160,'2026-02-03 08:33:57',0),(680,4,'General-I-01','General','I','01',0,0,10,170,'2026-02-03 08:33:57',0),(681,4,'General-I-02','General','I','02',0,0,20,170,'2026-02-03 08:33:57',0),(682,4,'General-I-03','General','I','03',0,0,30,170,'2026-02-03 08:33:57',0),(683,4,'General-I-04','General','I','04',0,0,40,170,'2026-02-03 08:33:57',0),(684,4,'General-I-05','General','I','05',0,0,50,170,'2026-02-03 08:33:57',1),(685,4,'General-I-06','General','I','06',0,0,60,170,'2026-02-03 08:33:57',0),(686,4,'General-I-07','General','I','07',0,0,70,170,'2026-02-03 08:33:57',0),(687,4,'General-I-08','General','I','08',0,0,80,170,'2026-02-03 08:33:57',0),(688,4,'General-I-09','General','I','09',0,0,90,170,'2026-02-03 08:33:57',0),(689,4,'General-I-10','General','I','10',0,0,100,170,'2026-02-03 08:33:57',0),(690,4,'General-J-01','General','J','01',0,0,10,180,'2026-02-03 08:33:57',0),(691,4,'General-J-02','General','J','02',0,0,20,180,'2026-02-03 08:33:57',0),(692,4,'General-J-03','General','J','03',0,0,30,180,'2026-02-03 08:33:57',0),(693,4,'General-J-04','General','J','04',0,0,40,180,'2026-02-03 08:33:57',0),(694,4,'General-J-05','General','J','05',0,0,50,180,'2026-02-03 08:33:57',1),(695,4,'General-J-06','General','J','06',0,0,60,180,'2026-02-03 08:33:57',0),(696,4,'General-J-07','General','J','07',0,0,70,180,'2026-02-03 08:33:57',0),(697,4,'General-J-08','General','J','08',0,0,80,180,'2026-02-03 08:33:57',0),(698,4,'General-J-09','General','J','09',0,0,90,180,'2026-02-03 08:33:57',0),(699,4,'General-J-10','General','J','10',0,0,100,180,'2026-02-03 08:33:57',0),(700,4,'General-K-01','General','K','01',0,0,10,190,'2026-02-03 08:33:57',0),(701,4,'General-K-02','General','K','02',0,0,20,190,'2026-02-03 08:33:57',0),(702,4,'General-K-03','General','K','03',0,0,30,190,'2026-02-03 08:33:57',0),(703,4,'General-K-04','General','K','04',0,0,40,190,'2026-02-03 08:33:57',0),(704,4,'General-K-05','General','K','05',0,0,50,190,'2026-02-03 08:33:57',1),(705,4,'General-K-06','General','K','06',0,0,60,190,'2026-02-03 08:33:57',0),(706,4,'General-K-07','General','K','07',0,0,70,190,'2026-02-03 08:33:57',0),(707,4,'General-K-08','General','K','08',0,0,80,190,'2026-02-03 08:33:57',0),(708,4,'General-K-09','General','K','09',0,0,90,190,'2026-02-03 08:33:57',0),(709,4,'General-K-10','General','K','10',0,0,100,190,'2026-02-03 08:33:57',0),(710,4,'General-L-01','General','L','01',0,0,10,200,'2026-02-03 08:33:57',0),(711,4,'General-L-02','General','L','02',0,0,20,200,'2026-02-03 08:33:57',0),(712,4,'General-L-03','General','L','03',0,0,30,200,'2026-02-03 08:33:57',0),(713,4,'General-L-04','General','L','04',0,0,40,200,'2026-02-03 08:33:57',0),(714,4,'General-L-05','General','L','05',0,0,50,200,'2026-02-03 08:33:57',1),(715,4,'General-L-06','General','L','06',0,0,60,200,'2026-02-03 08:33:57',0),(716,4,'General-L-07','General','L','07',0,0,70,200,'2026-02-03 08:33:57',0),(717,4,'General-L-08','General','L','08',0,0,80,200,'2026-02-03 08:33:57',0),(718,4,'General-L-09','General','L','09',0,0,90,200,'2026-02-03 08:33:57',0),(719,4,'General-L-10','General','L','10',0,0,100,200,'2026-02-03 08:33:57',0),(720,4,'General-M-01','General','M','01',0,0,10,210,'2026-02-03 08:33:57',0),(721,4,'General-M-02','General','M','02',0,0,20,210,'2026-02-03 08:33:57',0),(722,4,'General-M-03','General','M','03',0,0,30,210,'2026-02-03 08:33:57',0),(723,4,'General-M-04','General','M','04',0,0,40,210,'2026-02-03 08:33:57',0),(724,4,'General-M-05','General','M','05',0,0,50,210,'2026-02-03 08:33:57',1),(725,4,'General-M-06','General','M','06',0,0,60,210,'2026-02-03 08:33:57',0),(726,4,'General-M-07','General','M','07',0,0,70,210,'2026-02-03 08:33:57',0),(727,4,'General-M-08','General','M','08',0,0,80,210,'2026-02-03 08:33:57',0),(728,4,'General-M-09','General','M','09',0,0,90,210,'2026-02-03 08:33:57',0),(729,4,'General-M-10','General','M','10',0,0,100,210,'2026-02-03 08:33:57',0),(730,4,'General-N-01','General','N','01',0,0,10,220,'2026-02-03 08:33:57',0),(731,4,'General-N-02','General','N','02',0,0,20,220,'2026-02-03 08:33:57',0),(732,4,'General-N-03','General','N','03',0,0,30,220,'2026-02-03 08:33:57',0),(733,4,'General-N-04','General','N','04',0,0,40,220,'2026-02-03 08:33:57',0),(734,4,'General-N-05','General','N','05',0,0,50,220,'2026-02-03 08:33:57',1),(735,4,'General-N-06','General','N','06',0,0,60,220,'2026-02-03 08:33:57',0),(736,4,'General-N-07','General','N','07',0,0,70,220,'2026-02-03 08:33:57',0),(737,4,'General-N-08','General','N','08',0,0,80,220,'2026-02-03 08:33:57',0),(738,4,'General-N-09','General','N','09',0,0,90,220,'2026-02-03 08:33:57',0),(739,4,'General-N-10','General','N','10',0,0,100,220,'2026-02-03 08:33:57',0),(740,4,'General-O-01','General','O','01',0,0,10,230,'2026-02-03 08:33:57',0),(741,4,'General-O-02','General','O','02',0,0,20,230,'2026-02-03 08:33:57',0),(742,4,'General-O-03','General','O','03',0,0,30,230,'2026-02-03 08:33:57',0),(743,4,'General-O-04','General','O','04',0,0,40,230,'2026-02-03 08:33:57',0),(744,4,'General-O-05','General','O','05',0,0,50,230,'2026-02-03 08:33:57',1),(745,4,'General-O-06','General','O','06',0,0,60,230,'2026-02-03 08:33:57',0),(746,4,'General-O-07','General','O','07',0,0,70,230,'2026-02-03 08:33:57',0),(747,4,'General-O-08','General','O','08',0,0,80,230,'2026-02-03 08:33:57',0),(748,4,'General-O-09','General','O','09',0,0,90,230,'2026-02-03 08:33:57',0),(749,4,'General-O-10','General','O','10',0,0,100,230,'2026-02-03 08:33:57',0),(750,4,'General-P-01','General','P','01',0,0,10,240,'2026-02-03 08:33:57',0),(751,4,'General-P-02','General','P','02',0,0,20,240,'2026-02-03 08:33:57',0),(752,4,'General-P-03','General','P','03',0,0,30,240,'2026-02-03 08:33:57',0),(753,4,'General-P-04','General','P','04',0,0,40,240,'2026-02-03 08:33:57',0),(754,4,'General-P-05','General','P','05',0,0,50,240,'2026-02-03 08:33:57',1),(755,4,'General-P-06','General','P','06',0,0,60,240,'2026-02-03 08:33:57',0),(756,4,'General-P-07','General','P','07',0,0,70,240,'2026-02-03 08:33:57',0),(757,4,'General-P-08','General','P','08',0,0,80,240,'2026-02-03 08:33:57',0),(758,4,'General-P-09','General','P','09',0,0,90,240,'2026-02-03 08:33:57',0),(759,4,'General-P-10','General','P','10',0,0,100,240,'2026-02-03 08:33:57',0),(760,4,'General-Q-01','General','Q','01',0,0,10,250,'2026-02-03 08:33:57',0),(761,4,'General-Q-02','General','Q','02',0,0,20,250,'2026-02-03 08:33:57',0),(762,4,'General-Q-03','General','Q','03',0,0,30,250,'2026-02-03 08:33:57',0),(763,4,'General-Q-04','General','Q','04',0,0,40,250,'2026-02-03 08:33:57',0),(764,4,'General-Q-05','General','Q','05',0,0,50,250,'2026-02-03 08:33:57',1),(765,4,'General-Q-06','General','Q','06',0,0,60,250,'2026-02-03 08:33:57',0),(766,4,'General-Q-07','General','Q','07',0,0,70,250,'2026-02-03 08:33:57',0),(767,4,'General-Q-08','General','Q','08',0,0,80,250,'2026-02-03 08:33:57',0),(768,4,'General-Q-09','General','Q','09',0,0,90,250,'2026-02-03 08:33:57',0),(769,4,'General-Q-10','General','Q','10',0,0,100,250,'2026-02-03 08:33:57',0),(770,4,'General-R-01','General','R','01',0,0,10,260,'2026-02-03 08:33:57',0),(771,4,'General-R-02','General','R','02',0,0,20,260,'2026-02-03 08:33:57',0),(772,4,'General-R-03','General','R','03',0,0,30,260,'2026-02-03 08:33:57',0),(773,4,'General-R-04','General','R','04',0,0,40,260,'2026-02-03 08:33:57',0),(774,4,'General-R-05','General','R','05',0,0,50,260,'2026-02-03 08:33:57',1),(775,4,'General-R-06','General','R','06',0,0,60,260,'2026-02-03 08:33:57',0),(776,4,'General-R-07','General','R','07',0,0,70,260,'2026-02-03 08:33:57',0),(777,4,'General-R-08','General','R','08',0,0,80,260,'2026-02-03 08:33:57',0),(778,4,'General-R-09','General','R','09',0,0,90,260,'2026-02-03 08:33:57',0),(779,4,'General-R-10','General','R','10',0,0,100,260,'2026-02-03 08:33:57',0),(780,4,'General-S-01','General','S','01',0,0,10,270,'2026-02-03 08:33:57',0),(781,4,'General-S-02','General','S','02',0,0,20,270,'2026-02-03 08:33:57',0),(782,4,'General-S-03','General','S','03',0,0,30,270,'2026-02-03 08:33:57',0),(783,4,'General-S-04','General','S','04',0,0,40,270,'2026-02-03 08:33:57',0),(784,4,'General-S-05','General','S','05',0,0,50,270,'2026-02-03 08:33:57',1),(785,4,'General-S-06','General','S','06',0,0,60,270,'2026-02-03 08:33:57',0),(786,4,'General-S-07','General','S','07',0,0,70,270,'2026-02-03 08:33:57',0),(787,4,'General-S-08','General','S','08',0,0,80,270,'2026-02-03 08:33:57',0),(788,4,'General-S-09','General','S','09',0,0,90,270,'2026-02-03 08:33:57',0),(789,4,'General-S-10','General','S','10',0,0,100,270,'2026-02-03 08:33:57',0),(790,4,'General-T-01','General','T','01',0,0,10,280,'2026-02-03 08:33:57',0),(791,4,'General-T-02','General','T','02',0,0,20,280,'2026-02-03 08:33:57',0),(792,4,'General-T-03','General','T','03',0,0,30,280,'2026-02-03 08:33:57',0),(793,4,'General-T-04','General','T','04',0,0,40,280,'2026-02-03 08:33:57',0),(794,4,'General-T-05','General','T','05',0,0,50,280,'2026-02-03 08:33:57',1),(795,4,'General-T-06','General','T','06',0,0,60,280,'2026-02-03 08:33:57',0),(796,4,'General-T-07','General','T','07',0,0,70,280,'2026-02-03 08:33:57',0),(797,4,'General-T-08','General','T','08',0,0,80,280,'2026-02-03 08:33:57',0),(798,4,'General-T-09','General','T','09',0,0,90,280,'2026-02-03 08:33:57',0),(799,4,'General-T-10','General','T','10',0,0,100,280,'2026-02-03 08:33:57',0),(800,4,'General-U-01','General','U','01',0,0,10,290,'2026-02-03 08:33:57',0),(801,4,'General-U-02','General','U','02',0,0,20,290,'2026-02-03 08:33:57',0),(802,4,'General-U-03','General','U','03',0,0,30,290,'2026-02-03 08:33:57',0),(803,4,'General-U-04','General','U','04',0,0,40,290,'2026-02-03 08:33:57',0),(804,4,'General-U-05','General','U','05',0,0,50,290,'2026-02-03 08:33:57',1),(805,4,'General-U-06','General','U','06',0,0,60,290,'2026-02-03 08:33:57',0),(806,4,'General-U-07','General','U','07',0,0,70,290,'2026-02-03 08:33:57',0),(807,4,'General-U-08','General','U','08',0,0,80,290,'2026-02-03 08:33:57',0),(808,4,'General-U-09','General','U','09',0,0,90,290,'2026-02-03 08:33:57',0),(809,4,'General-U-10','General','U','10',0,0,100,290,'2026-02-03 08:33:57',0),(810,4,'General-V-01','General','V','01',0,0,10,300,'2026-02-03 08:33:57',0),(811,4,'General-V-02','General','V','02',0,0,20,300,'2026-02-03 08:33:57',0),(812,4,'General-V-03','General','V','03',0,0,30,300,'2026-02-03 08:33:57',0),(813,4,'General-V-04','General','V','04',0,0,40,300,'2026-02-03 08:33:57',0),(814,4,'General-V-05','General','V','05',0,0,50,300,'2026-02-03 08:33:57',1),(815,4,'General-V-06','General','V','06',0,0,60,300,'2026-02-03 08:33:57',0),(816,4,'General-V-07','General','V','07',0,0,70,300,'2026-02-03 08:33:57',0),(817,4,'General-V-08','General','V','08',0,0,80,300,'2026-02-03 08:33:57',0),(818,4,'General-V-09','General','V','09',0,0,90,300,'2026-02-03 08:33:57',0),(819,4,'General-V-10','General','V','10',0,0,100,300,'2026-02-03 08:33:57',0),(820,4,'General-W-01','General','W','01',0,0,10,310,'2026-02-03 08:33:57',0),(821,4,'General-W-02','General','W','02',0,0,20,310,'2026-02-03 08:33:57',0),(822,4,'General-W-03','General','W','03',0,0,30,310,'2026-02-03 08:33:57',0),(823,4,'General-W-04','General','W','04',0,0,40,310,'2026-02-03 08:33:57',0),(824,4,'General-W-05','General','W','05',0,0,50,310,'2026-02-03 08:33:57',1),(825,4,'General-W-06','General','W','06',0,0,60,310,'2026-02-03 08:33:57',0),(826,4,'General-W-07','General','W','07',0,0,70,310,'2026-02-03 08:33:57',0),(827,4,'General-W-08','General','W','08',0,0,80,310,'2026-02-03 08:33:57',0),(828,4,'General-W-09','General','W','09',0,0,90,310,'2026-02-03 08:33:57',0),(829,4,'General-W-10','General','W','10',0,0,100,310,'2026-02-03 08:33:57',0),(830,4,'General-X-01','General','X','01',0,0,10,320,'2026-02-03 08:33:57',0),(831,4,'General-X-02','General','X','02',0,0,20,320,'2026-02-03 08:33:57',0),(832,4,'General-X-03','General','X','03',0,0,30,320,'2026-02-03 08:33:57',0),(833,4,'General-X-04','General','X','04',0,0,40,320,'2026-02-03 08:33:57',0),(834,4,'General-X-05','General','X','05',0,0,50,320,'2026-02-03 08:33:57',1),(835,4,'General-X-06','General','X','06',0,0,60,320,'2026-02-03 08:33:57',0),(836,4,'General-X-07','General','X','07',0,0,70,320,'2026-02-03 08:33:57',0),(837,4,'General-X-08','General','X','08',0,0,80,320,'2026-02-03 08:33:57',0),(838,4,'General-X-09','General','X','09',0,0,90,320,'2026-02-03 08:33:57',0),(839,4,'General-X-10','General','X','10',0,0,100,320,'2026-02-03 08:33:57',0),(840,4,'General-Y-01','General','Y','01',0,0,10,330,'2026-02-03 08:33:57',0),(841,4,'General-Y-02','General','Y','02',0,0,20,330,'2026-02-03 08:33:57',0),(842,4,'General-Y-03','General','Y','03',0,0,30,330,'2026-02-03 08:33:57',0),(843,4,'General-Y-04','General','Y','04',0,0,40,330,'2026-02-03 08:33:57',0),(844,4,'General-Y-05','General','Y','05',0,0,50,330,'2026-02-03 08:33:57',1),(845,4,'General-Y-06','General','Y','06',0,0,60,330,'2026-02-03 08:33:57',0),(846,4,'General-Y-07','General','Y','07',0,0,70,330,'2026-02-03 08:33:57',0),(847,4,'General-Y-08','General','Y','08',0,0,80,330,'2026-02-03 08:33:57',0),(848,4,'General-Y-09','General','Y','09',0,0,90,330,'2026-02-03 08:33:57',0),(849,4,'General-Y-10','General','Y','10',0,0,100,330,'2026-02-03 08:33:57',0),(850,4,'General-Z-01','General','Z','01',0,0,10,340,'2026-02-03 08:33:57',0),(851,4,'General-Z-02','General','Z','02',0,0,20,340,'2026-02-03 08:33:57',0),(852,4,'General-Z-03','General','Z','03',0,0,30,340,'2026-02-03 08:33:57',0),(853,4,'General-Z-04','General','Z','04',0,0,40,340,'2026-02-03 08:33:57',0),(854,4,'General-Z-05','General','Z','05',0,0,50,340,'2026-02-03 08:33:57',1),(855,4,'General-Z-06','General','Z','06',0,0,60,340,'2026-02-03 08:33:57',0),(856,4,'General-Z-07','General','Z','07',0,0,70,340,'2026-02-03 08:33:57',0),(857,4,'General-Z-08','General','Z','08',0,0,80,340,'2026-02-03 08:33:57',0),(858,4,'General-Z-09','General','Z','09',0,0,90,340,'2026-02-03 08:33:57',0),(859,4,'General-Z-10','General','Z','10',0,0,100,340,'2026-02-03 08:33:57',0),(860,4,'General-AA-01','General','AA','01',0,0,10,350,'2026-02-03 08:33:57',0),(861,4,'General-AA-02','General','AA','02',0,0,20,350,'2026-02-03 08:33:57',0),(862,4,'General-AA-03','General','AA','03',0,0,30,350,'2026-02-03 08:33:57',0),(863,4,'General-AA-04','General','AA','04',0,0,40,350,'2026-02-03 08:33:57',0),(864,4,'General-AA-05','General','AA','05',0,0,50,350,'2026-02-03 08:33:57',1),(865,4,'General-AA-06','General','AA','06',0,0,60,350,'2026-02-03 08:33:57',0),(866,4,'General-AA-07','General','AA','07',0,0,70,350,'2026-02-03 08:33:57',0),(867,4,'General-AA-08','General','AA','08',0,0,80,350,'2026-02-03 08:33:57',0),(868,4,'General-AA-09','General','AA','09',0,0,90,350,'2026-02-03 08:33:57',0),(869,4,'General-AA-10','General','AA','10',0,0,100,350,'2026-02-03 08:33:57',0),(870,4,'General-AB-01','General','AB','01',0,0,10,360,'2026-02-03 08:33:57',0),(871,4,'General-AB-02','General','AB','02',0,0,20,360,'2026-02-03 08:33:57',0),(872,4,'General-AB-03','General','AB','03',0,0,30,360,'2026-02-03 08:33:57',0),(873,4,'General-AB-04','General','AB','04',0,0,40,360,'2026-02-03 08:33:57',0),(874,4,'General-AB-05','General','AB','05',0,0,50,360,'2026-02-03 08:33:57',1),(875,4,'General-AB-06','General','AB','06',0,0,60,360,'2026-02-03 08:33:57',0),(876,4,'General-AB-07','General','AB','07',0,0,70,360,'2026-02-03 08:33:57',0),(877,4,'General-AB-08','General','AB','08',0,0,80,360,'2026-02-03 08:33:57',0),(878,4,'General-AB-09','General','AB','09',0,0,90,360,'2026-02-03 08:33:57',0),(879,4,'General-AB-10','General','AB','10',0,0,100,360,'2026-02-03 08:33:57',0),(880,4,'General-AC-01','General','AC','01',0,0,10,370,'2026-02-03 08:33:57',0),(881,4,'General-AC-02','General','AC','02',0,0,20,370,'2026-02-03 08:33:57',0),(882,4,'General-AC-03','General','AC','03',0,0,30,370,'2026-02-03 08:33:57',0),(883,4,'General-AC-04','General','AC','04',0,0,40,370,'2026-02-03 08:33:57',0),(884,4,'General-AC-05','General','AC','05',0,0,50,370,'2026-02-03 08:33:57',1),(885,4,'General-AC-06','General','AC','06',0,0,60,370,'2026-02-03 08:33:57',0),(886,4,'General-AC-07','General','AC','07',0,0,70,370,'2026-02-03 08:33:57',0),(887,4,'General-AC-08','General','AC','08',0,0,80,370,'2026-02-03 08:33:57',0),(888,4,'General-AC-09','General','AC','09',0,0,90,370,'2026-02-03 08:33:57',0),(889,4,'General-AC-10','General','AC','10',0,0,100,370,'2026-02-03 08:33:57',0),(890,4,'General-AD-01','General','AD','01',0,0,10,380,'2026-02-03 08:33:57',0),(891,4,'General-AD-02','General','AD','02',0,0,20,380,'2026-02-03 08:33:57',0),(892,4,'General-AD-03','General','AD','03',0,0,30,380,'2026-02-03 08:33:57',0),(893,4,'General-AD-04','General','AD','04',0,0,40,380,'2026-02-03 08:33:57',0),(894,4,'General-AD-05','General','AD','05',0,0,50,380,'2026-02-03 08:33:57',1),(895,4,'General-AD-06','General','AD','06',0,0,60,380,'2026-02-03 08:33:57',0),(896,4,'General-AD-07','General','AD','07',0,0,70,380,'2026-02-03 08:33:57',0),(897,4,'General-AD-08','General','AD','08',0,0,80,380,'2026-02-03 08:33:57',0),(898,4,'General-AD-09','General','AD','09',0,0,90,380,'2026-02-03 08:33:57',0),(899,4,'General-AD-10','General','AD','10',0,0,100,380,'2026-02-03 08:33:57',0),(900,4,'General-AE-01','General','AE','01',0,0,10,390,'2026-02-03 08:33:57',0),(901,4,'General-AE-02','General','AE','02',0,0,20,390,'2026-02-03 08:33:57',0),(902,4,'General-AE-03','General','AE','03',0,0,30,390,'2026-02-03 08:33:57',0),(903,4,'General-AE-04','General','AE','04',0,0,40,390,'2026-02-03 08:33:57',0),(904,4,'General-AE-05','General','AE','05',0,0,50,390,'2026-02-03 08:33:57',1),(905,4,'General-AE-06','General','AE','06',0,0,60,390,'2026-02-03 08:33:57',0),(906,4,'General-AE-07','General','AE','07',0,0,70,390,'2026-02-03 08:33:57',0),(907,4,'General-AE-08','General','AE','08',0,0,80,390,'2026-02-03 08:33:57',0),(908,4,'General-AE-09','General','AE','09',0,0,90,390,'2026-02-03 08:33:57',0),(909,4,'General-AE-10','General','AE','10',0,0,100,390,'2026-02-03 08:33:57',0),(910,4,'General-AF-01','General','AF','01',0,0,10,400,'2026-02-03 08:33:57',0),(911,4,'General-AF-02','General','AF','02',0,0,20,400,'2026-02-03 08:33:57',0),(912,4,'General-AF-03','General','AF','03',0,0,30,400,'2026-02-03 08:33:57',0),(913,4,'General-AF-04','General','AF','04',0,0,40,400,'2026-02-03 08:33:57',0),(914,4,'General-AF-05','General','AF','05',0,0,50,400,'2026-02-03 08:33:57',1),(915,4,'General-AF-06','General','AF','06',0,0,60,400,'2026-02-03 08:33:57',0),(916,4,'General-AF-07','General','AF','07',0,0,70,400,'2026-02-03 08:33:57',0),(917,4,'General-AF-08','General','AF','08',0,0,80,400,'2026-02-03 08:33:57',0),(918,4,'General-AF-09','General','AF','09',0,0,90,400,'2026-02-03 08:33:57',0),(919,4,'General-AF-10','General','AF','10',0,0,100,400,'2026-02-03 08:33:57',0),(920,4,'General-AG-01','General','AG','01',0,0,10,410,'2026-02-03 08:33:57',0),(921,4,'General-AG-02','General','AG','02',0,0,20,410,'2026-02-03 08:33:57',0),(922,4,'General-AG-03','General','AG','03',0,0,30,410,'2026-02-03 08:33:57',0),(923,4,'General-AG-04','General','AG','04',0,0,40,410,'2026-02-03 08:33:57',0),(924,4,'General-AG-05','General','AG','05',0,0,50,410,'2026-02-03 08:33:57',1),(925,4,'General-AG-06','General','AG','06',0,0,60,410,'2026-02-03 08:33:57',0),(926,4,'General-AG-07','General','AG','07',0,0,70,410,'2026-02-03 08:33:57',0),(927,4,'General-AG-08','General','AG','08',0,0,80,410,'2026-02-03 08:33:57',0),(928,4,'General-AG-09','General','AG','09',0,0,90,410,'2026-02-03 08:33:57',0),(929,4,'General-AG-10','General','AG','10',0,0,100,410,'2026-02-03 08:33:57',0),(930,4,'General-AH-01','General','AH','01',0,0,10,420,'2026-02-03 08:33:57',0),(931,4,'General-AH-02','General','AH','02',0,0,20,420,'2026-02-03 08:33:57',0),(932,4,'General-AH-03','General','AH','03',0,0,30,420,'2026-02-03 08:33:57',0),(933,4,'General-AH-04','General','AH','04',0,0,40,420,'2026-02-03 08:33:57',0),(934,4,'General-AH-05','General','AH','05',0,0,50,420,'2026-02-03 08:33:57',1),(935,4,'General-AH-06','General','AH','06',0,0,60,420,'2026-02-03 08:33:57',0),(936,4,'General-AH-07','General','AH','07',0,0,70,420,'2026-02-03 08:33:57',0),(937,4,'General-AH-08','General','AH','08',0,0,80,420,'2026-02-03 08:33:57',0),(938,4,'General-AH-09','General','AH','09',0,0,90,420,'2026-02-03 08:33:57',0),(939,4,'General-AH-10','General','AH','10',0,0,100,420,'2026-02-03 08:33:57',0),(940,4,'General-AI-01','General','AI','01',0,0,10,430,'2026-02-03 08:33:57',0),(941,4,'General-AI-02','General','AI','02',0,0,20,430,'2026-02-03 08:33:57',0),(942,4,'General-AI-03','General','AI','03',0,0,30,430,'2026-02-03 08:33:57',0),(943,4,'General-AI-04','General','AI','04',0,0,40,430,'2026-02-03 08:33:57',0),(944,4,'General-AI-05','General','AI','05',0,0,50,430,'2026-02-03 08:33:57',1),(945,4,'General-AI-06','General','AI','06',0,0,60,430,'2026-02-03 08:33:57',0),(946,4,'General-AI-07','General','AI','07',0,0,70,430,'2026-02-03 08:33:57',0),(947,4,'General-AI-08','General','AI','08',0,0,80,430,'2026-02-03 08:33:57',0),(948,4,'General-AI-09','General','AI','09',0,0,90,430,'2026-02-03 08:33:57',0),(949,4,'General-AI-10','General','AI','10',0,0,100,430,'2026-02-03 08:33:57',0),(950,4,'General-AJ-01','General','AJ','01',0,0,10,440,'2026-02-03 08:33:57',0),(951,4,'General-AJ-02','General','AJ','02',0,0,20,440,'2026-02-03 08:33:57',0),(952,4,'General-AJ-03','General','AJ','03',0,0,30,440,'2026-02-03 08:33:57',0),(953,4,'General-AJ-04','General','AJ','04',0,0,40,440,'2026-02-03 08:33:57',0),(954,4,'General-AJ-05','General','AJ','05',0,0,50,440,'2026-02-03 08:33:57',1),(955,4,'General-AJ-06','General','AJ','06',0,0,60,440,'2026-02-03 08:33:57',0),(956,4,'General-AJ-07','General','AJ','07',0,0,70,440,'2026-02-03 08:33:57',0),(957,4,'General-AJ-08','General','AJ','08',0,0,80,440,'2026-02-03 08:33:57',0),(958,4,'General-AJ-09','General','AJ','09',0,0,90,440,'2026-02-03 08:33:57',0),(959,4,'General-AJ-10','General','AJ','10',0,0,100,440,'2026-02-03 08:33:57',0),(960,4,'General-AK-01','General','AK','01',0,0,10,450,'2026-02-03 08:33:57',0),(961,4,'General-AK-02','General','AK','02',0,0,20,450,'2026-02-03 08:33:57',0),(962,4,'General-AK-03','General','AK','03',0,0,30,450,'2026-02-03 08:33:57',0),(963,4,'General-AK-04','General','AK','04',0,0,40,450,'2026-02-03 08:33:57',0),(964,4,'General-AK-05','General','AK','05',0,0,50,450,'2026-02-03 08:33:57',1),(965,4,'General-AK-06','General','AK','06',0,0,60,450,'2026-02-03 08:33:57',0),(966,4,'General-AK-07','General','AK','07',0,0,70,450,'2026-02-03 08:33:57',0),(967,4,'General-AK-08','General','AK','08',0,0,80,450,'2026-02-03 08:33:57',0),(968,4,'General-AK-09','General','AK','09',0,0,90,450,'2026-02-03 08:33:57',0),(969,4,'General-AK-10','General','AK','10',0,0,100,450,'2026-02-03 08:33:57',0),(970,4,'General-AL-01','General','AL','01',0,0,10,460,'2026-02-03 08:33:57',0),(971,4,'General-AL-02','General','AL','02',0,0,20,460,'2026-02-03 08:33:57',0),(972,4,'General-AL-03','General','AL','03',0,0,30,460,'2026-02-03 08:33:57',0),(973,4,'General-AL-04','General','AL','04',0,0,40,460,'2026-02-03 08:33:57',0),(974,4,'General-AL-05','General','AL','05',0,0,50,460,'2026-02-03 08:33:57',1),(975,4,'General-AL-06','General','AL','06',0,0,60,460,'2026-02-03 08:33:57',0),(976,4,'General-AL-07','General','AL','07',0,0,70,460,'2026-02-03 08:33:57',0),(977,4,'General-AL-08','General','AL','08',0,0,80,460,'2026-02-03 08:33:57',0),(978,4,'General-AL-09','General','AL','09',0,0,90,460,'2026-02-03 08:33:57',0),(979,4,'General-AL-10','General','AL','10',0,0,100,460,'2026-02-03 08:33:57',0),(980,4,'General-AM-01','General','AM','01',0,0,10,470,'2026-02-03 08:33:57',0),(981,4,'General-AM-02','General','AM','02',0,0,20,470,'2026-02-03 08:33:57',0),(982,4,'General-AM-03','General','AM','03',0,0,30,470,'2026-02-03 08:33:57',0),(983,4,'General-AM-04','General','AM','04',0,0,40,470,'2026-02-03 08:33:57',0),(984,4,'General-AM-05','General','AM','05',0,0,50,470,'2026-02-03 08:33:57',1),(985,4,'General-AM-06','General','AM','06',0,0,60,470,'2026-02-03 08:33:57',0),(986,4,'General-AM-07','General','AM','07',0,0,70,470,'2026-02-03 08:33:57',0),(987,4,'General-AM-08','General','AM','08',0,0,80,470,'2026-02-03 08:33:57',0),(988,4,'General-AM-09','General','AM','09',0,0,90,470,'2026-02-03 08:33:57',0),(989,4,'General-AM-10','General','AM','10',0,0,100,470,'2026-02-03 08:33:57',0),(990,4,'General-AN-01','General','AN','01',0,0,10,480,'2026-02-03 08:33:57',0),(991,4,'General-AN-02','General','AN','02',0,0,20,480,'2026-02-03 08:33:57',0),(992,4,'General-AN-03','General','AN','03',0,0,30,480,'2026-02-03 08:33:57',0),(993,4,'General-AN-04','General','AN','04',0,0,40,480,'2026-02-03 08:33:57',0),(994,4,'General-AN-05','General','AN','05',0,0,50,480,'2026-02-03 08:33:57',1),(995,4,'General-AN-06','General','AN','06',0,0,60,480,'2026-02-03 08:33:57',0),(996,4,'General-AN-07','General','AN','07',0,0,70,480,'2026-02-03 08:33:57',0),(997,4,'General-AN-08','General','AN','08',0,0,80,480,'2026-02-03 08:33:57',0),(998,4,'General-AN-09','General','AN','09',0,0,90,480,'2026-02-03 08:33:57',0),(999,4,'General-AN-10','General','AN','10',0,0,100,480,'2026-02-03 08:33:57',0),(1000,4,'General-AO-01','General','AO','01',0,0,10,490,'2026-02-03 08:33:57',0),(1001,4,'General-AO-02','General','AO','02',0,0,20,490,'2026-02-03 08:33:57',0),(1002,4,'General-AO-03','General','AO','03',0,0,30,490,'2026-02-03 08:33:57',0),(1003,4,'General-AO-04','General','AO','04',0,0,40,490,'2026-02-03 08:33:57',0),(1004,4,'General-AO-05','General','AO','05',0,0,50,490,'2026-02-03 08:33:57',1),(1005,4,'General-AO-06','General','AO','06',0,0,60,490,'2026-02-03 08:33:57',0),(1006,4,'General-AO-07','General','AO','07',0,0,70,490,'2026-02-03 08:33:57',0),(1007,4,'General-AO-08','General','AO','08',0,0,80,490,'2026-02-03 08:33:57',0),(1008,4,'General-AO-09','General','AO','09',0,0,90,490,'2026-02-03 08:33:57',0),(1009,4,'General-AO-10','General','AO','10',0,0,100,490,'2026-02-03 08:33:57',0),(1010,4,'General-AP-01','General','AP','01',0,0,10,500,'2026-02-03 08:33:57',0),(1011,4,'General-AP-02','General','AP','02',0,0,20,500,'2026-02-03 08:33:57',0),(1012,4,'General-AP-03','General','AP','03',0,0,30,500,'2026-02-03 08:33:57',0),(1013,4,'General-AP-04','General','AP','04',0,0,40,500,'2026-02-03 08:33:57',0),(1014,4,'General-AP-05','General','AP','05',0,0,50,500,'2026-02-03 08:33:57',1),(1015,4,'General-AP-06','General','AP','06',0,0,60,500,'2026-02-03 08:33:57',0),(1016,4,'General-AP-07','General','AP','07',0,0,70,500,'2026-02-03 08:33:57',0),(1017,4,'General-AP-08','General','AP','08',0,0,80,500,'2026-02-03 08:33:57',0),(1018,4,'General-AP-09','General','AP','09',0,0,90,500,'2026-02-03 08:33:57',0),(1019,4,'General-AP-10','General','AP','10',0,0,100,500,'2026-02-03 08:33:57',0),(1020,4,'General-AQ-01','General','AQ','01',0,0,10,510,'2026-02-03 08:33:57',0),(1021,4,'General-AQ-02','General','AQ','02',0,0,20,510,'2026-02-03 08:33:57',0),(1022,4,'General-AQ-03','General','AQ','03',0,0,30,510,'2026-02-03 08:33:57',0),(1023,4,'General-AQ-04','General','AQ','04',0,0,40,510,'2026-02-03 08:33:57',0),(1024,4,'General-AQ-05','General','AQ','05',0,0,50,510,'2026-02-03 08:33:57',1),(1025,4,'General-AQ-06','General','AQ','06',0,0,60,510,'2026-02-03 08:33:57',0),(1026,4,'General-AQ-07','General','AQ','07',0,0,70,510,'2026-02-03 08:33:57',0),(1027,4,'General-AQ-08','General','AQ','08',0,0,80,510,'2026-02-03 08:33:57',0),(1028,4,'General-AQ-09','General','AQ','09',0,0,90,510,'2026-02-03 08:33:57',0),(1029,4,'General-AQ-10','General','AQ','10',0,0,100,510,'2026-02-03 08:33:57',0),(1030,4,'General-AR-01','General','AR','01',0,0,10,520,'2026-02-03 08:33:57',0),(1031,4,'General-AR-02','General','AR','02',0,0,20,520,'2026-02-03 08:33:57',0),(1032,4,'General-AR-03','General','AR','03',0,0,30,520,'2026-02-03 08:33:57',0),(1033,4,'General-AR-04','General','AR','04',0,0,40,520,'2026-02-03 08:33:57',0),(1034,4,'General-AR-05','General','AR','05',0,0,50,520,'2026-02-03 08:33:57',1),(1035,4,'General-AR-06','General','AR','06',0,0,60,520,'2026-02-03 08:33:57',0),(1036,4,'General-AR-07','General','AR','07',0,0,70,520,'2026-02-03 08:33:57',0),(1037,4,'General-AR-08','General','AR','08',0,0,80,520,'2026-02-03 08:33:57',0),(1038,4,'General-AR-09','General','AR','09',0,0,90,520,'2026-02-03 08:33:57',0),(1039,4,'General-AR-10','General','AR','10',0,0,100,520,'2026-02-03 08:33:57',0),(1040,4,'General-AS-01','General','AS','01',0,0,10,530,'2026-02-03 08:33:57',0),(1041,4,'General-AS-02','General','AS','02',0,0,20,530,'2026-02-03 08:33:57',0),(1042,4,'General-AS-03','General','AS','03',0,0,30,530,'2026-02-03 08:33:57',0),(1043,4,'General-AS-04','General','AS','04',0,0,40,530,'2026-02-03 08:33:57',0),(1044,4,'General-AS-05','General','AS','05',0,0,50,530,'2026-02-03 08:33:57',1),(1045,4,'General-AS-06','General','AS','06',0,0,60,530,'2026-02-03 08:33:57',0),(1046,4,'General-AS-07','General','AS','07',0,0,70,530,'2026-02-03 08:33:57',0),(1047,4,'General-AS-08','General','AS','08',0,0,80,530,'2026-02-03 08:33:57',0),(1048,4,'General-AS-09','General','AS','09',0,0,90,530,'2026-02-03 08:33:57',0),(1049,4,'General-AS-10','General','AS','10',0,0,100,530,'2026-02-03 08:33:57',0),(1050,4,'General-AT-01','General','AT','01',0,0,10,540,'2026-02-03 08:33:57',0),(1051,4,'General-AT-02','General','AT','02',0,0,20,540,'2026-02-03 08:33:57',0),(1052,4,'General-AT-03','General','AT','03',0,0,30,540,'2026-02-03 08:33:57',0),(1053,4,'General-AT-04','General','AT','04',0,0,40,540,'2026-02-03 08:33:57',0),(1054,4,'General-AT-05','General','AT','05',0,0,50,540,'2026-02-03 08:33:57',1),(1055,4,'General-AT-06','General','AT','06',0,0,60,540,'2026-02-03 08:33:57',0),(1056,4,'General-AT-07','General','AT','07',0,0,70,540,'2026-02-03 08:33:57',0),(1057,4,'General-AT-08','General','AT','08',0,0,80,540,'2026-02-03 08:33:57',0),(1058,4,'General-AT-09','General','AT','09',0,0,90,540,'2026-02-03 08:33:57',0),(1059,4,'General-AT-10','General','AT','10',0,0,100,540,'2026-02-03 08:33:57',0),(1060,4,'General-AU-01','General','AU','01',0,0,10,550,'2026-02-03 08:33:57',0),(1061,4,'General-AU-02','General','AU','02',0,0,20,550,'2026-02-03 08:33:57',0),(1062,4,'General-AU-03','General','AU','03',0,0,30,550,'2026-02-03 08:33:57',0),(1063,4,'General-AU-04','General','AU','04',0,0,40,550,'2026-02-03 08:33:57',0),(1064,4,'General-AU-05','General','AU','05',0,0,50,550,'2026-02-03 08:33:57',1),(1065,4,'General-AU-06','General','AU','06',0,0,60,550,'2026-02-03 08:33:57',0),(1066,4,'General-AU-07','General','AU','07',0,0,70,550,'2026-02-03 08:33:57',0),(1067,4,'General-AU-08','General','AU','08',0,0,80,550,'2026-02-03 08:33:57',0),(1068,4,'General-AU-09','General','AU','09',0,0,90,550,'2026-02-03 08:33:57',0),(1069,4,'General-AU-10','General','AU','10',0,0,100,550,'2026-02-03 08:33:57',0),(1070,4,'General-AV-01','General','AV','01',0,0,10,560,'2026-02-03 08:33:57',0),(1071,4,'General-AV-02','General','AV','02',0,0,20,560,'2026-02-03 08:33:57',0),(1072,4,'General-AV-03','General','AV','03',0,0,30,560,'2026-02-03 08:33:57',0),(1073,4,'General-AV-04','General','AV','04',0,0,40,560,'2026-02-03 08:33:57',0),(1074,4,'General-AV-05','General','AV','05',0,0,50,560,'2026-02-03 08:33:57',1),(1075,4,'General-AV-06','General','AV','06',0,0,60,560,'2026-02-03 08:33:57',0),(1076,4,'General-AV-07','General','AV','07',0,0,70,560,'2026-02-03 08:33:57',0),(1077,4,'General-AV-08','General','AV','08',0,0,80,560,'2026-02-03 08:33:57',0),(1078,4,'General-AV-09','General','AV','09',0,0,90,560,'2026-02-03 08:33:57',0),(1079,4,'General-AV-10','General','AV','10',0,0,100,560,'2026-02-03 08:33:57',0),(1080,4,'General-AW-01','General','AW','01',0,0,10,570,'2026-02-03 08:33:57',0),(1081,4,'General-AW-02','General','AW','02',0,0,20,570,'2026-02-03 08:33:57',0),(1082,4,'General-AW-03','General','AW','03',0,0,30,570,'2026-02-03 08:33:57',0),(1083,4,'General-AW-04','General','AW','04',0,0,40,570,'2026-02-03 08:33:57',0),(1084,4,'General-AW-05','General','AW','05',0,0,50,570,'2026-02-03 08:33:57',1),(1085,4,'General-AW-06','General','AW','06',0,0,60,570,'2026-02-03 08:33:57',0),(1086,4,'General-AW-07','General','AW','07',0,0,70,570,'2026-02-03 08:33:57',0),(1087,4,'General-AW-08','General','AW','08',0,0,80,570,'2026-02-03 08:33:57',0),(1088,4,'General-AW-09','General','AW','09',0,0,90,570,'2026-02-03 08:33:57',0),(1089,4,'General-AW-10','General','AW','10',0,0,100,570,'2026-02-03 08:33:57',0),(1090,4,'General-AX-01','General','AX','01',0,0,10,580,'2026-02-03 08:33:57',0),(1091,4,'General-AX-02','General','AX','02',0,0,20,580,'2026-02-03 08:33:57',0),(1092,4,'General-AX-03','General','AX','03',0,0,30,580,'2026-02-03 08:33:57',0),(1093,4,'General-AX-04','General','AX','04',0,0,40,580,'2026-02-03 08:33:57',0),(1094,4,'General-AX-05','General','AX','05',0,0,50,580,'2026-02-03 08:33:57',1),(1095,4,'General-AX-06','General','AX','06',0,0,60,580,'2026-02-03 08:33:57',0),(1096,4,'General-AX-07','General','AX','07',0,0,70,580,'2026-02-03 08:33:57',0),(1097,4,'General-AX-08','General','AX','08',0,0,80,580,'2026-02-03 08:33:57',0),(1098,4,'General-AX-09','General','AX','09',0,0,90,580,'2026-02-03 08:33:57',0),(1099,4,'General-AX-10','General','AX','10',0,0,100,580,'2026-02-03 08:33:57',0),(1100,5,'VIP-A-01','VIP','A','01',1,0,10,10,'2026-02-04 16:04:31',0),(1101,5,'VIP-A-02','VIP','A','02',1,0,20,10,'2026-02-04 16:04:31',0),(1102,5,'VIP-A-03','VIP','A','03',0,0,30,10,'2026-02-04 16:04:31',0),(1103,5,'VIP-A-04','VIP','A','04',0,0,40,10,'2026-02-04 16:04:31',0),(1104,5,'VIP-A-05','VIP','A','05',0,0,50,10,'2026-02-04 16:04:31',1),(1105,5,'VIP-A-06','VIP','A','06',0,0,60,10,'2026-02-04 16:04:31',0),(1106,5,'VIP-A-07','VIP','A','07',0,0,70,10,'2026-02-04 16:04:31',0),(1107,5,'VIP-A-08','VIP','A','08',0,0,80,10,'2026-02-04 16:04:31',0),(1108,5,'VIP-A-09','VIP','A','09',1,0,90,10,'2026-02-04 16:04:31',0),(1109,5,'VIP-A-10','VIP','A','10',1,0,100,10,'2026-02-04 16:04:31',0),(1110,5,'VIP-B-01','VIP','B','01',0,0,10,20,'2026-02-04 16:04:31',0),(1111,5,'VIP-B-02','VIP','B','02',0,0,20,20,'2026-02-04 16:04:31',0),(1112,5,'VIP-B-03','VIP','B','03',0,0,30,20,'2026-02-04 16:04:31',0),(1113,5,'VIP-B-04','VIP','B','04',0,0,40,20,'2026-02-04 16:04:31',0),(1114,5,'VIP-B-05','VIP','B','05',0,0,50,20,'2026-02-04 16:04:31',1),(1115,5,'VIP-B-06','VIP','B','06',0,0,60,20,'2026-02-04 16:04:31',0),(1116,5,'VIP-B-07','VIP','B','07',0,0,70,20,'2026-02-04 16:04:31',0),(1117,5,'VIP-B-08','VIP','B','08',0,0,80,20,'2026-02-04 16:04:31',0),(1118,5,'VIP-B-09','VIP','B','09',0,0,90,20,'2026-02-04 16:04:31',0),(1119,5,'VIP-B-10','VIP','B','10',0,0,100,20,'2026-02-04 16:04:31',0),(1120,5,'VIP-C-01','VIP','C','01',0,0,10,30,'2026-02-04 16:04:31',0),(1121,5,'VIP-C-02','VIP','C','02',0,0,20,30,'2026-02-04 16:04:31',0),(1122,5,'VIP-C-03','VIP','C','03',0,0,30,30,'2026-02-04 16:04:31',0),(1123,5,'VIP-C-04','VIP','C','04',0,0,40,30,'2026-02-04 16:04:31',0),(1124,5,'VIP-C-05','VIP','C','05',0,0,50,30,'2026-02-04 16:04:31',1),(1125,5,'VIP-C-06','VIP','C','06',0,0,60,30,'2026-02-04 16:04:31',0),(1126,5,'VIP-C-07','VIP','C','07',0,0,70,30,'2026-02-04 16:04:31',0),(1127,5,'VIP-C-08','VIP','C','08',0,0,80,30,'2026-02-04 16:04:31',0),(1128,5,'VIP-C-09','VIP','C','09',0,0,90,30,'2026-02-04 16:04:31',0),(1129,5,'VIP-C-10','VIP','C','10',0,0,100,30,'2026-02-04 16:04:31',0),(1130,5,'VIP-D-01','VIP','D','01',0,0,10,40,'2026-02-04 16:04:31',0),(1131,5,'VIP-D-02','VIP','D','02',0,0,20,40,'2026-02-04 16:04:31',0),(1132,5,'VIP-D-03','VIP','D','03',0,0,30,40,'2026-02-04 16:04:31',0),(1133,5,'VIP-D-04','VIP','D','04',0,0,40,40,'2026-02-04 16:04:31',0),(1134,5,'VIP-D-05','VIP','D','05',0,0,50,40,'2026-02-04 16:04:31',1),(1135,5,'VIP-D-06','VIP','D','06',0,0,60,40,'2026-02-04 16:04:31',0),(1136,5,'VIP-D-07','VIP','D','07',0,0,70,40,'2026-02-04 16:04:31',0),(1137,5,'VIP-D-08','VIP','D','08',0,0,80,40,'2026-02-04 16:04:31',0),(1138,5,'VIP-D-09','VIP','D','09',0,0,90,40,'2026-02-04 16:04:31',0),(1139,5,'VIP-D-10','VIP','D','10',0,0,100,40,'2026-02-04 16:04:31',0),(1140,5,'Economy-A-01','Economy','A','01',1,0,10,80,'2026-02-04 16:04:31',0),(1141,5,'Economy-A-02','Economy','A','02',1,0,20,80,'2026-02-04 16:04:31',0),(1142,5,'Economy-A-03','Economy','A','03',1,0,30,80,'2026-02-04 16:04:31',0),(1143,5,'Economy-A-04','Economy','A','04',0,0,40,80,'2026-02-04 16:04:31',0),(1144,5,'Economy-A-05','Economy','A','05',0,0,50,80,'2026-02-04 16:04:31',1),(1145,5,'Economy-A-06','Economy','A','06',0,0,60,80,'2026-02-04 16:04:31',0),(1146,5,'Economy-A-07','Economy','A','07',0,0,70,80,'2026-02-04 16:04:31',0),(1147,5,'Economy-A-08','Economy','A','08',0,0,80,80,'2026-02-04 16:04:31',0),(1148,5,'Economy-A-09','Economy','A','09',0,0,90,80,'2026-02-04 16:04:31',0),(1149,5,'Economy-A-10','Economy','A','10',0,0,100,80,'2026-02-04 16:04:31',0),(1150,5,'Economy-B-01','Economy','B','01',0,0,10,90,'2026-02-04 16:04:31',0),(1151,5,'Economy-B-02','Economy','B','02',0,0,20,90,'2026-02-04 16:04:31',0),(1152,5,'Economy-B-03','Economy','B','03',0,0,30,90,'2026-02-04 16:04:31',0),(1153,5,'Economy-B-04','Economy','B','04',0,0,40,90,'2026-02-04 16:04:31',0),(1154,5,'Economy-B-05','Economy','B','05',0,0,50,90,'2026-02-04 16:04:31',1),(1155,5,'Economy-B-06','Economy','B','06',0,0,60,90,'2026-02-04 16:04:31',0),(1156,5,'Economy-B-07','Economy','B','07',0,0,70,90,'2026-02-04 16:04:31',0),(1157,5,'Economy-B-08','Economy','B','08',0,0,80,90,'2026-02-04 16:04:31',0),(1158,5,'Economy-B-09','Economy','B','09',0,0,90,90,'2026-02-04 16:04:31',0),(1159,5,'Economy-B-10','Economy','B','10',0,0,100,90,'2026-02-04 16:04:31',0),(1160,5,'Economy-C-01','Economy','C','01',0,0,10,100,'2026-02-04 16:04:31',0),(1161,5,'Economy-C-02','Economy','C','02',0,0,20,100,'2026-02-04 16:04:31',0),(1162,5,'Economy-C-03','Economy','C','03',0,0,30,100,'2026-02-04 16:04:31',0),(1163,5,'Economy-C-04','Economy','C','04',0,0,40,100,'2026-02-04 16:04:31',0),(1164,5,'Economy-C-05','Economy','C','05',0,0,50,100,'2026-02-04 16:04:31',1),(1165,5,'Economy-C-06','Economy','C','06',0,0,60,100,'2026-02-04 16:04:31',0),(1166,5,'Economy-C-07','Economy','C','07',0,0,70,100,'2026-02-04 16:04:31',0),(1167,5,'Economy-C-08','Economy','C','08',0,0,80,100,'2026-02-04 16:04:31',0),(1168,5,'Economy-C-09','Economy','C','09',0,0,90,100,'2026-02-04 16:04:31',0),(1169,5,'Economy-C-10','Economy','C','10',0,0,100,100,'2026-02-04 16:04:31',0),(1170,5,'Economy-D-01','Economy','D','01',0,0,10,110,'2026-02-04 16:04:31',0),(1171,5,'Economy-D-02','Economy','D','02',0,0,20,110,'2026-02-04 16:04:31',0),(1172,5,'Economy-D-03','Economy','D','03',0,0,30,110,'2026-02-04 16:04:31',0),(1173,5,'Economy-D-04','Economy','D','04',0,0,40,110,'2026-02-04 16:04:31',0),(1174,5,'Economy-D-05','Economy','D','05',0,0,50,110,'2026-02-04 16:04:31',1),(1175,5,'Economy-D-06','Economy','D','06',0,0,60,110,'2026-02-04 16:04:31',0),(1176,5,'Economy-D-07','Economy','D','07',0,0,70,110,'2026-02-04 16:04:31',0),(1177,5,'Economy-D-08','Economy','D','08',0,0,80,110,'2026-02-04 16:04:31',0),(1178,5,'Economy-D-09','Economy','D','09',0,0,90,110,'2026-02-04 16:04:31',0),(1179,5,'Economy-D-10','Economy','D','10',0,0,100,110,'2026-02-04 16:04:31',0),(1180,5,'Economy-E-01','Economy','E','01',0,0,10,120,'2026-02-04 16:04:31',0),(1181,5,'Economy-E-02','Economy','E','02',0,0,20,120,'2026-02-04 16:04:31',0),(1182,5,'Economy-E-03','Economy','E','03',0,0,30,120,'2026-02-04 16:04:31',0),(1183,5,'Economy-E-04','Economy','E','04',0,0,40,120,'2026-02-04 16:04:31',0),(1184,5,'Economy-E-05','Economy','E','05',0,0,50,120,'2026-02-04 16:04:31',1),(1185,5,'Economy-E-06','Economy','E','06',0,0,60,120,'2026-02-04 16:04:31',0),(1186,5,'Economy-E-07','Economy','E','07',0,0,70,120,'2026-02-04 16:04:31',0),(1187,5,'Economy-E-08','Economy','E','08',0,0,80,120,'2026-02-04 16:04:31',0),(1188,5,'Economy-E-09','Economy','E','09',0,0,90,120,'2026-02-04 16:04:31',0),(1189,5,'Economy-E-10','Economy','E','10',0,0,100,120,'2026-02-04 16:04:31',0),(1190,5,'Economy-F-01','Economy','F','01',0,0,10,130,'2026-02-04 16:04:31',0),(1191,5,'Economy-F-02','Economy','F','02',0,0,20,130,'2026-02-04 16:04:31',0),(1192,5,'Economy-F-03','Economy','F','03',0,0,30,130,'2026-02-04 16:04:31',0),(1193,5,'Economy-F-04','Economy','F','04',0,0,40,130,'2026-02-04 16:04:31',0),(1194,5,'Economy-F-05','Economy','F','05',0,0,50,130,'2026-02-04 16:04:31',1),(1195,5,'Economy-F-06','Economy','F','06',0,0,60,130,'2026-02-04 16:04:31',0),(1196,5,'Economy-F-07','Economy','F','07',0,0,70,130,'2026-02-04 16:04:31',0),(1197,5,'Economy-F-08','Economy','F','08',0,0,80,130,'2026-02-04 16:04:31',0),(1198,5,'Economy-F-09','Economy','F','09',0,0,90,130,'2026-02-04 16:04:31',0),(1199,5,'Economy-F-10','Economy','F','10',0,0,100,130,'2026-02-04 16:04:31',0),(1200,5,'Economy-G-01','Economy','G','01',0,0,10,140,'2026-02-04 16:04:31',0),(1201,5,'Economy-G-02','Economy','G','02',0,0,20,140,'2026-02-04 16:04:31',0),(1202,5,'Economy-G-03','Economy','G','03',0,0,30,140,'2026-02-04 16:04:31',0),(1203,5,'Economy-G-04','Economy','G','04',0,0,40,140,'2026-02-04 16:04:31',0),(1204,5,'Economy-G-05','Economy','G','05',0,0,50,140,'2026-02-04 16:04:31',1),(1205,5,'Economy-G-06','Economy','G','06',0,0,60,140,'2026-02-04 16:04:31',0),(1206,5,'Economy-G-07','Economy','G','07',0,0,70,140,'2026-02-04 16:04:31',0),(1207,5,'Economy-G-08','Economy','G','08',0,0,80,140,'2026-02-04 16:04:31',0),(1208,5,'Economy-G-09','Economy','G','09',0,0,90,140,'2026-02-04 16:04:31',0),(1209,5,'Economy-G-10','Economy','G','10',0,0,100,140,'2026-02-04 16:04:31',0),(1210,5,'Economy-H-01','Economy','H','01',0,0,10,150,'2026-02-04 16:04:31',0),(1211,5,'Economy-H-02','Economy','H','02',0,0,20,150,'2026-02-04 16:04:31',0),(1212,5,'Economy-H-03','Economy','H','03',0,0,30,150,'2026-02-04 16:04:31',0),(1213,5,'Economy-H-04','Economy','H','04',0,0,40,150,'2026-02-04 16:04:31',0),(1214,5,'Economy-H-05','Economy','H','05',0,0,50,150,'2026-02-04 16:04:31',1),(1215,5,'Economy-H-06','Economy','H','06',0,0,60,150,'2026-02-04 16:04:31',0),(1216,5,'Economy-H-07','Economy','H','07',0,0,70,150,'2026-02-04 16:04:31',0),(1217,5,'Economy-H-08','Economy','H','08',0,0,80,150,'2026-02-04 16:04:31',0),(1218,5,'Economy-H-09','Economy','H','09',0,0,90,150,'2026-02-04 16:04:31',0),(1219,5,'Economy-H-10','Economy','H','10',0,0,100,150,'2026-02-04 16:04:31',0),(1220,5,'Economy-I-01','Economy','I','01',0,0,10,160,'2026-02-04 16:04:31',0),(1221,5,'Economy-I-02','Economy','I','02',0,0,20,160,'2026-02-04 16:04:31',0),(1222,5,'Economy-I-03','Economy','I','03',0,0,30,160,'2026-02-04 16:04:31',0),(1223,5,'Economy-I-04','Economy','I','04',0,0,40,160,'2026-02-04 16:04:31',0),(1224,5,'Economy-I-05','Economy','I','05',0,0,50,160,'2026-02-04 16:04:31',1),(1225,5,'Economy-I-06','Economy','I','06',0,0,60,160,'2026-02-04 16:04:31',0),(1226,5,'Economy-I-07','Economy','I','07',0,0,70,160,'2026-02-04 16:04:31',0),(1227,5,'Economy-I-08','Economy','I','08',0,0,80,160,'2026-02-04 16:04:31',0),(1228,5,'Economy-I-09','Economy','I','09',0,0,90,160,'2026-02-04 16:04:31',0),(1229,5,'Economy-I-10','Economy','I','10',0,0,100,160,'2026-02-04 16:04:31',0),(1230,5,'Economy-J-01','Economy','J','01',1,0,10,170,'2026-02-04 16:04:31',0),(1231,5,'Economy-J-02','Economy','J','02',1,0,20,170,'2026-02-04 16:04:31',0),(1232,5,'Economy-J-03','Economy','J','03',1,0,30,170,'2026-02-04 16:04:31',0),(1233,5,'Economy-J-04','Economy','J','04',0,0,40,170,'2026-02-04 16:04:31',0),(1234,5,'Economy-J-05','Economy','J','05',0,0,50,170,'2026-02-04 16:04:31',1),(1235,5,'Economy-J-06','Economy','J','06',0,0,60,170,'2026-02-04 16:04:31',0),(1236,5,'Economy-J-07','Economy','J','07',0,0,70,170,'2026-02-04 16:04:31',0),(1237,5,'Economy-J-08','Economy','J','08',0,0,80,170,'2026-02-04 16:04:31',0),(1238,5,'Economy-J-09','Economy','J','09',0,0,90,170,'2026-02-04 16:04:31',0),(1239,5,'Economy-J-10','Economy','J','10',0,0,100,170,'2026-02-04 16:04:31',0);
/*!40000 ALTER TABLE `seats` ENABLE KEYS */;
UNLOCK TABLES;

--
-- Table structure for table `users`
--

DROP TABLE IF EXISTS `users`;
/*!40101 SET @saved_cs_client     = @@character_set_client */;
/*!50503 SET character_set_client = utf8mb4 */;
CREATE TABLE `users` (
  `id` bigint unsigned NOT NULL AUTO_INCREMENT,
  `org_id` bigint unsigned NOT NULL,
  `email` varchar(255) NOT NULL,
  `password_hash` varchar(255) NOT NULL,
  `created_at` timestamp NOT NULL DEFAULT CURRENT_TIMESTAMP,
  `refresh_token_hash` varchar(255) DEFAULT NULL,
  `refresh_token_expires_at` datetime DEFAULT NULL,
  PRIMARY KEY (`id`),
  UNIQUE KEY `uq_user_email_per_org` (`org_id`,`email`),
  KEY `idx_users_org` (`org_id`),
  CONSTRAINT `fk_users_org` FOREIGN KEY (`org_id`) REFERENCES `organizations` (`id`) ON DELETE RESTRICT ON UPDATE CASCADE
) ENGINE=InnoDB AUTO_INCREMENT=2 DEFAULT CHARSET=utf8mb4 COLLATE=utf8mb4_0900_ai_ci;
/*!40101 SET character_set_client = @saved_cs_client */;

--
-- Dumping data for table `users`
--

LOCK TABLES `users` WRITE;
/*!40000 ALTER TABLE `users` DISABLE KEYS */;
INSERT INTO `users` VALUES (1,1,'admin@example.com','$2b$12$DwUq91IhxfxyV5itHC5dp.Juu3dG4KN2/Yw4NRFSsUYjZmxj/NuJ2','2026-01-24 16:00:27','505244f1a5b3147f3f400a3fb4db5a9da0ef2425688cf139115c8eefeab25051','2026-02-18 12:04:52');
/*!40000 ALTER TABLE `users` ENABLE KEYS */;
UNLOCK TABLES;

--
-- Table structure for table `venues`
--

DROP TABLE IF EXISTS `venues`;
/*!40101 SET @saved_cs_client     = @@character_set_client */;
/*!50503 SET character_set_client = utf8mb4 */;
CREATE TABLE `venues` (
  `id` bigint unsigned NOT NULL AUTO_INCREMENT,
  `name` varchar(255) NOT NULL,
  `created_at` timestamp NOT NULL DEFAULT CURRENT_TIMESTAMP,
  `location` varchar(255) DEFAULT NULL,
  `status` enum('active','inactive') NOT NULL DEFAULT 'active',
  `category` enum('Convention','Stadium','Theater','Synagogue','EventHall','Airplane','Other') NOT NULL DEFAULT 'Other',
  PRIMARY KEY (`id`)
) ENGINE=InnoDB AUTO_INCREMENT=6 DEFAULT CHARSET=utf8mb4 COLLATE=utf8mb4_0900_ai_ci;
/*!40101 SET character_set_client = @saved_cs_client */;

--
-- Dumping data for table `venues`
--

LOCK TABLES `venues` WRITE;
/*!40000 ALTER TABLE `venues` DISABLE KEYS */;
INSERT INTO `venues` VALUES (1,'Main Hall','2026-01-24 16:00:27','Tel Aviv','active','Synagogue'),(3,'Main Theater','2026-02-03 10:16:14','Ramat Gan','active','Theater'),(4,'Herzeliya Theater','2026-02-03 10:33:56','Tel Aviv','active','Theater'),(5,'Boeing 747','2026-02-04 18:04:31','Ben Gurion Airport','active','Airplane');
/*!40000 ALTER TABLE `venues` ENABLE KEYS */;
UNLOCK TABLES;

--
-- Dumping events for database 'seatflow'
--

--
-- Dumping routines for database 'seatflow'
--
SET @@SESSION.SQL_LOG_BIN = @MYSQLDUMP_TEMP_LOG_BIN;
/*!40103 SET TIME_ZONE=@OLD_TIME_ZONE */;

/*!40101 SET SQL_MODE=@OLD_SQL_MODE */;
/*!40014 SET FOREIGN_KEY_CHECKS=@OLD_FOREIGN_KEY_CHECKS */;
/*!40014 SET UNIQUE_CHECKS=@OLD_UNIQUE_CHECKS */;
/*!40101 SET CHARACTER_SET_CLIENT=@OLD_CHARACTER_SET_CLIENT */;
/*!40101 SET CHARACTER_SET_RESULTS=@OLD_CHARACTER_SET_RESULTS */;
/*!40101 SET COLLATION_CONNECTION=@OLD_COLLATION_CONNECTION */;
/*!40111 SET SQL_NOTES=@OLD_SQL_NOTES */;

-- Dump completed on 2026-02-04 20:29:42
